pairing_id,execution_status,election_id,election_date,cutoff_policy,fixed_precinct_snapshot_id,senate_plan_id,population_product_id,population_product_family,population_reference_start,population_reference_end,population_release_date,population_input_id,population_input_manifest_path,population_input_manifest_selector,crosswalk_id,crosswalk_path,crosswalk_logical_sha256,crosswalk_method_id,crosswalk_allocation_rows,nearest_assignment_count,fixed_precinct_result_path,fixed_precinct_result_logical_sha256,senate_result_path,senate_result_logical_sha256,result_partition_key,qa_report_path,known_limitation
pa_general_1990__no_available_product,no_product_available_by_cutoff,pa_general_1990,1990-11-06,general_election_day,pa_lrc_2021_release_1b_geography,pa_senate_1981_plan,,,,,,,,,,,,,,,,,,,,,No cataloged Census/ACS population product was released by the 1990 general-election cutoff; no post-election substitution or interpolation is made.
pa_general_1992__dec_1990,executed_available_pairing,pa_general_1992,1992-11-03,general_election_day,pa_lrc_2021_release_1b_geography,pa_senate_1991_final,dec_1990,1990 Census STF 1B POP100,1990-04-01,1990-04-01,1991,census_block,artifacts/poc013/input_manifest.json,dec_1990,dec_1990__1991_final__v1,data/processed/poc016/crosswalks/dec_1990__1991_final__v1.parquet,06e3e1bce8e0841416eb62a7eb9b759892c5829b2b34a0a8d5a86f1b4c476702,relationship_tiger_face_area_1990_v1,510885.0,0.0,data/processed/poc016/fixed_precinct_population_products_v1.parquet,7fb71ee710f2b6c3251e976cca5da1963fb96d05274088359b10e64ade8d3467,data/processed/poc016/senate_population_products_v1.parquet,03c29b4ab42eb48971fcdd6f3dbffad47a3ad8f72d032036bbbfd3f75b6647d2,dec_1990__pa_senate_1991_final,artifacts/poc016/qa_results.json,Geometry-only same-topology TIGER face area allocation; official relationship files contain pairs but no weights.
pa_general_1994__dec_1990,executed_available_pairing,pa_general_1994,1994-11-08,general_election_day,pa_lrc_2021_release_1b_geography,pa_senate_1991_final,dec_1990,1990 Census STF 1B POP100,1990-04-01,1990-04-01,1991,census_block,artifacts/poc013/input_manifest.json,dec_1990,dec_1990__1991_final__v1,data/processed/poc016/crosswalks/dec_1990__1991_final__v1.parquet,06e3e1bce8e0841416eb62a7eb9b759892c5829b2b34a0a8d5a86f1b4c476702,relationship_tiger_face_area_1990_v1,510885.0,0.0,data/processed/poc016/fixed_precinct_population_products_v1.parquet,7fb71ee710f2b6c3251e976cca5da1963fb96d05274088359b10e64ade8d3467,data/processed/poc016/senate_population_products_v1.parquet,03c29b4ab42eb48971fcdd6f3dbffad47a3ad8f72d032036bbbfd3f75b6647d2,dec_1990__pa_senate_1991_final,artifacts/poc016/qa_results.json,Geometry-only same-topology TIGER face area allocation; official relationship files contain pairs but no weights.
pa_general_1996__dec_1990,executed_available_pairing,pa_general_1996,1996-11-05,general_election_day,pa_lrc_2021_release_1b_geography,pa_senate_1991_final,dec_1990,1990 Census STF 1B POP100,1990-04-01,1990-04-01,1991,census_block,artifacts/poc013/input_manifest.json,dec_1990,dec_1990__1991_final__v1,data/processed/poc016/crosswalks/dec_1990__1991_final__v1.parquet,06e3e1bce8e0841416eb62a7eb9b759892c5829b2b34a0a8d5a86f1b4c476702,relationship_tiger_face_area_1990_v1,510885.0,0.0,data/processed/poc016/fixed_precinct_population_products_v1.parquet,7fb71ee710f2b6c3251e976cca5da1963fb96d05274088359b10e64ade8d3467,data/processed/poc016/senate_population_products_v1.parquet,03c29b4ab42eb48971fcdd6f3dbffad47a3ad8f72d032036bbbfd3f75b6647d2,dec_1990__pa_senate_1991_final,artifacts/poc016/qa_results.json,Geometry-only same-topology TIGER face area allocation; official relationship files contain pairs but no weights.
pa_general_1998__dec_1990,executed_available_pairing,pa_general_1998,1998-11-03,general_election_day,pa_lrc_2021_release_1b_geography,pa_senate_1991_final,dec_1990,1990 Census STF 1B POP100,1990-04-01,1990-04-01,1991,census_block,artifacts/poc013/input_manifest.json,dec_1990,dec_1990__1991_final__v1,data/processed/poc016/crosswalks/dec_1990__1991_final__v1.parquet,06e3e1bce8e0841416eb62a7eb9b759892c5829b2b34a0a8d5a86f1b4c476702,relationship_tiger_face_area_1990_v1,510885.0,0.0,data/processed/poc016/fixed_precinct_population_products_v1.parquet,7fb71ee710f2b6c3251e976cca5da1963fb96d05274088359b10e64ade8d3467,data/processed/poc016/senate_population_products_v1.parquet,03c29b4ab42eb48971fcdd6f3dbffad47a3ad8f72d032036bbbfd3f75b6647d2,dec_1990__pa_senate_1991_final,artifacts/poc016/qa_results.json,Geometry-only same-topology TIGER face area allocation; official relationship files contain pairs but no weights.
pa_general_2000__dec_1990,executed_available_pairing,pa_general_2000,2000-11-07,general_election_day,pa_lrc_2021_release_1b_geography,pa_senate_1991_final,dec_1990,1990 Census STF 1B POP100,1990-04-01,1990-04-01,1991,census_block,artifacts/poc013/input_manifest.json,dec_1990,dec_1990__1991_final__v1,data/processed/poc016/crosswalks/dec_1990__1991_final__v1.parquet,06e3e1bce8e0841416eb62a7eb9b759892c5829b2b34a0a8d5a86f1b4c476702,relationship_tiger_face_area_1990_v1,510885.0,0.0,data/processed/poc016/fixed_precinct_population_products_v1.parquet,7fb71ee710f2b6c3251e976cca5da1963fb96d05274088359b10e64ade8d3467,data/processed/poc016/senate_population_products_v1.parquet,03c29b4ab42eb48971fcdd6f3dbffad47a3ad8f72d032036bbbfd3f75b6647d2,dec_1990__pa_senate_1991_final,artifacts/poc016/qa_results.json,Geometry-only same-topology TIGER face area allocation; official relationship files contain pairs but no weights.
pa_general_2002__dec_1990,executed_available_pairing,pa_general_2002,2002-11-05,general_election_day,pa_lrc_2021_release_1b_geography,pa_senate_2001_final,dec_1990,1990 Census STF 1B POP100,1990-04-01,1990-04-01,1991,census_block,artifacts/poc013/input_manifest.json,dec_1990,dec_1990__2001_final__v1,data/processed/poc016/crosswalks/dec_1990__2001_final__v1.parquet,bde782d7d3a575936316828716b4eef06b077133cb68e6bed510e54e6398836d,relationship_tiger_face_area_1990_v1,511998.0,0.0,data/processed/poc016/fixed_precinct_population_products_v1.parquet,7fb71ee710f2b6c3251e976cca5da1963fb96d05274088359b10e64ade8d3467,data/processed/poc016/senate_population_products_v1.parquet,03c29b4ab42eb48971fcdd6f3dbffad47a3ad8f72d032036bbbfd3f75b6647d2,dec_1990__pa_senate_2001_final,artifacts/poc016/qa_results.json,Geometry-only same-topology TIGER face area allocation; official relationship files contain pairs but no weights.
pa_general_2002__dec_2000,executed_available_pairing,pa_general_2002,2002-11-05,general_election_day,pa_lrc_2021_release_1b_geography,pa_senate_2001_final,dec_2000,Census 2000 PL 94-171,2000-04-01,2000-04-01,2001-03-09,census_block,artifacts/poc012/input_manifest.json,dec_2000,dec_2000__2001_final__v1,data/processed/poc016/crosswalks/dec_2000__2001_final__v1.parquet,b954449f99f2a023572d5564125bf57cf52fe4a7acf43657bf2d34a39204158d,relationship_atomic_area_2000_v1,525636.0,0.0,data/processed/poc016/fixed_precinct_population_products_v1.parquet,7fb71ee710f2b6c3251e976cca5da1963fb96d05274088359b10e64ade8d3467,data/processed/poc016/senate_population_products_v1.parquet,03c29b4ab42eb48971fcdd6f3dbffad47a3ad8f72d032036bbbfd3f75b6647d2,dec_2000__pa_senate_2001_final,artifacts/poc016/qa_results.json,Geometry-only relationship/atomic-area allocation; area is not observed within-block population.
pa_general_2004__dec_1990,executed_available_pairing,pa_general_2004,2004-11-02,general_election_day,pa_lrc_2021_release_1b_geography,pa_senate_2001_final,dec_1990,1990 Census STF 1B POP100,1990-04-01,1990-04-01,1991,census_block,artifacts/poc013/input_manifest.json,dec_1990,dec_1990__2001_final__v1,data/processed/poc016/crosswalks/dec_1990__2001_final__v1.parquet,bde782d7d3a575936316828716b4eef06b077133cb68e6bed510e54e6398836d,relationship_tiger_face_area_1990_v1,511998.0,0.0,data/processed/poc016/fixed_precinct_population_products_v1.parquet,7fb71ee710f2b6c3251e976cca5da1963fb96d05274088359b10e64ade8d3467,data/processed/poc016/senate_population_products_v1.parquet,03c29b4ab42eb48971fcdd6f3dbffad47a3ad8f72d032036bbbfd3f75b6647d2,dec_1990__pa_senate_2001_final,artifacts/poc016/qa_results.json,Geometry-only same-topology TIGER face area allocation; official relationship files contain pairs but no weights.
pa_general_2004__dec_2000,executed_available_pairing,pa_general_2004,2004-11-02,general_election_day,pa_lrc_2021_release_1b_geography,pa_senate_2001_final,dec_2000,Census 2000 PL 94-171,2000-04-01,2000-04-01,2001-03-09,census_block,artifacts/poc012/input_manifest.json,dec_2000,dec_2000__2001_final__v1,data/processed/poc016/crosswalks/dec_2000__2001_final__v1.parquet,b954449f99f2a023572d5564125bf57cf52fe4a7acf43657bf2d34a39204158d,relationship_atomic_area_2000_v1,525636.0,0.0,data/processed/poc016/fixed_precinct_population_products_v1.parquet,7fb71ee710f2b6c3251e976cca5da1963fb96d05274088359b10e64ade8d3467,data/processed/poc016/senate_population_products_v1.parquet,03c29b4ab42eb48971fcdd6f3dbffad47a3ad8f72d032036bbbfd3f75b6647d2,dec_2000__pa_senate_2001_final,artifacts/poc016/qa_results.json,Geometry-only relationship/atomic-area allocation; area is not observed within-block population.
pa_general_2006__dec_1990,executed_available_pairing,pa_general_2006,2006-11-07,general_election_day,pa_lrc_2021_release_1b_geography,pa_senate_2001_final,dec_1990,1990 Census STF 1B POP100,1990-04-01,1990-04-01,1991,census_block,artifacts/poc013/input_manifest.json,dec_1990,dec_1990__2001_final__v1,data/processed/poc016/crosswalks/dec_1990__2001_final__v1.parquet,bde782d7d3a575936316828716b4eef06b077133cb68e6bed510e54e6398836d,relationship_tiger_face_area_1990_v1,511998.0,0.0,data/processed/poc016/fixed_precinct_population_products_v1.parquet,7fb71ee710f2b6c3251e976cca5da1963fb96d05274088359b10e64ade8d3467,data/processed/poc016/senate_population_products_v1.parquet,03c29b4ab42eb48971fcdd6f3dbffad47a3ad8f72d032036bbbfd3f75b6647d2,dec_1990__pa_senate_2001_final,artifacts/poc016/qa_results.json,Geometry-only same-topology TIGER face area allocation; official relationship files contain pairs but no weights.
pa_general_2006__dec_2000,executed_available_pairing,pa_general_2006,2006-11-07,general_election_day,pa_lrc_2021_release_1b_geography,pa_senate_2001_final,dec_2000,Census 2000 PL 94-171,2000-04-01,2000-04-01,2001-03-09,census_block,artifacts/poc012/input_manifest.json,dec_2000,dec_2000__2001_final__v1,data/processed/poc016/crosswalks/dec_2000__2001_final__v1.parquet,b954449f99f2a023572d5564125bf57cf52fe4a7acf43657bf2d34a39204158d,relationship_atomic_area_2000_v1,525636.0,0.0,data/processed/poc016/fixed_precinct_population_products_v1.parquet,7fb71ee710f2b6c3251e976cca5da1963fb96d05274088359b10e64ade8d3467,data/processed/poc016/senate_population_products_v1.parquet,03c29b4ab42eb48971fcdd6f3dbffad47a3ad8f72d032036bbbfd3f75b6647d2,dec_2000__pa_senate_2001_final,artifacts/poc016/qa_results.json,Geometry-only relationship/atomic-area allocation; area is not observed within-block population.
pa_general_2008__dec_1990,executed_available_pairing,pa_general_2008,2008-11-04,general_election_day,pa_lrc_2021_release_1b_geography,pa_senate_2001_final,dec_1990,1990 Census STF 1B POP100,1990-04-01,1990-04-01,1991,census_block,artifacts/poc013/input_manifest.json,dec_1990,dec_1990__2001_final__v1,data/processed/poc016/crosswalks/dec_1990__2001_final__v1.parquet,bde782d7d3a575936316828716b4eef06b077133cb68e6bed510e54e6398836d,relationship_tiger_face_area_1990_v1,511998.0,0.0,data/processed/poc016/fixed_precinct_population_products_v1.parquet,7fb71ee710f2b6c3251e976cca5da1963fb96d05274088359b10e64ade8d3467,data/processed/poc016/senate_population_products_v1.parquet,03c29b4ab42eb48971fcdd6f3dbffad47a3ad8f72d032036bbbfd3f75b6647d2,dec_1990__pa_senate_2001_final,artifacts/poc016/qa_results.json,Geometry-only same-topology TIGER face area allocation; official relationship files contain pairs but no weights.
pa_general_2008__dec_2000,executed_available_pairing,pa_general_2008,2008-11-04,general_election_day,pa_lrc_2021_release_1b_geography,pa_senate_2001_final,dec_2000,Census 2000 PL 94-171,2000-04-01,2000-04-01,2001-03-09,census_block,artifacts/poc012/input_manifest.json,dec_2000,dec_2000__2001_final__v1,data/processed/poc016/crosswalks/dec_2000__2001_final__v1.parquet,b954449f99f2a023572d5564125bf57cf52fe4a7acf43657bf2d34a39204158d,relationship_atomic_area_2000_v1,525636.0,0.0,data/processed/poc016/fixed_precinct_population_products_v1.parquet,7fb71ee710f2b6c3251e976cca5da1963fb96d05274088359b10e64ade8d3467,data/processed/poc016/senate_population_products_v1.parquet,03c29b4ab42eb48971fcdd6f3dbffad47a3ad8f72d032036bbbfd3f75b6647d2,dec_2000__pa_senate_2001_final,artifacts/poc016/qa_results.json,Geometry-only relationship/atomic-area allocation; area is not observed within-block population.
pa_general_2010__dec_1990,executed_available_pairing,pa_general_2010,2010-11-02,general_election_day,pa_lrc_2021_release_1b_geography,pa_senate_2001_final,dec_1990,1990 Census STF 1B POP100,1990-04-01,1990-04-01,1991,census_block,artifacts/poc013/input_manifest.json,dec_1990,dec_1990__2001_final__v1,data/processed/poc016/crosswalks/dec_1990__2001_final__v1.parquet,bde782d7d3a575936316828716b4eef06b077133cb68e6bed510e54e6398836d,relationship_tiger_face_area_1990_v1,511998.0,0.0,data/processed/poc016/fixed_precinct_population_products_v1.parquet,7fb71ee710f2b6c3251e976cca5da1963fb96d05274088359b10e64ade8d3467,data/processed/poc016/senate_population_products_v1.parquet,03c29b4ab42eb48971fcdd6f3dbffad47a3ad8f72d032036bbbfd3f75b6647d2,dec_1990__pa_senate_2001_final,artifacts/poc016/qa_results.json,Geometry-only same-topology TIGER face area allocation; official relationship files contain pairs but no weights.
pa_general_2010__dec_2000,executed_available_pairing,pa_general_2010,2010-11-02,general_election_day,pa_lrc_2021_release_1b_geography,pa_senate_2001_final,dec_2000,Census 2000 PL 94-171,2000-04-01,2000-04-01,2001-03-09,census_block,artifacts/poc012/input_manifest.json,dec_2000,dec_2000__2001_final__v1,data/processed/poc016/crosswalks/dec_2000__2001_final__v1.parquet,b954449f99f2a023572d5564125bf57cf52fe4a7acf43657bf2d34a39204158d,relationship_atomic_area_2000_v1,525636.0,0.0,data/processed/poc016/fixed_precinct_population_products_v1.parquet,7fb71ee710f2b6c3251e976cca5da1963fb96d05274088359b10e64ade8d3467,data/processed/poc016/senate_population_products_v1.parquet,03c29b4ab42eb48971fcdd6f3dbffad47a3ad8f72d032036bbbfd3f75b6647d2,dec_2000__pa_senate_2001_final,artifacts/poc016/qa_results.json,Geometry-only relationship/atomic-area allocation; area is not observed within-block population.
pa_general_2012__acs5_2009,executed_available_pairing,pa_general_2012,2012-11-06,general_election_day,pa_lrc_2021_release_1b_geography,pa_senate_2001_final,acs5_2009,ACS 5-year detailed tables,2005-01-01,2009-12-31,2010-12-14,acs5_2009_block_group,artifacts/poc016/input_manifest.json,data/raw/acs5_all_pa/2009/,acs_simple_2009__2001_final__v1,data/processed/poc016/crosswalks/acs_simple_2009__2001_final__v1.parquet,cac7c6c927f9609370c1fb0e04e6ce72ce3512313b62c3662c696c08dd8a1b94,simple_atomic_area_acs5_2009_v1,57305.0,0.0,data/processed/poc016/fixed_precinct_population_products_v1.parquet,7fb71ee710f2b6c3251e976cca5da1963fb96d05274088359b10e64ade8d3467,data/processed/poc016/senate_population_products_v1.parquet,03c29b4ab42eb48971fcdd6f3dbffad47a3ad8f72d032036bbbfd3f75b6647d2,acs5_2009__pa_senate_2001_final,artifacts/poc016/qa_results.json,Simple EPSG:5070 block-group/atomic area allocation; area is a weak population support model. Target MOEs use weighted-source RSS and omit covariance and allocation-weight uncertainty.
pa_general_2012__acs5_2010,executed_available_pairing,pa_general_2012,2012-11-06,general_election_day,pa_lrc_2021_release_1b_geography,pa_senate_2001_final,acs5_2010,ACS 5-year detailed tables,2006-01-01,2010-12-31,2011-12-08,acs5_2010_block_group,artifacts/poc016/input_manifest.json,data/raw/acs5_all_pa/2010/,acs_simple_2010__2001_final__v1,data/processed/poc016/crosswalks/acs_simple_2010__2001_final__v1.parquet,1c246203155cb764259dff37d6d0cc84b0d02ba350682d542d0d066869f37e00,simple_atomic_area_acs5_2010_v1,54591.0,0.0,data/processed/poc016/fixed_precinct_population_products_v1.parquet,7fb71ee710f2b6c3251e976cca5da1963fb96d05274088359b10e64ade8d3467,data/processed/poc016/senate_population_products_v1.parquet,03c29b4ab42eb48971fcdd6f3dbffad47a3ad8f72d032036bbbfd3f75b6647d2,acs5_2010__pa_senate_2001_final,artifacts/poc016/qa_results.json,Simple EPSG:5070 block-group/atomic area allocation; area is a weak population support model. Target MOEs use weighted-source RSS and omit covariance and allocation-weight uncertainty.
pa_general_2012__dec_1990,executed_available_pairing,pa_general_2012,2012-11-06,general_election_day,pa_lrc_2021_release_1b_geography,pa_senate_2001_final,dec_1990,1990 Census STF 1B POP100,1990-04-01,1990-04-01,1991,census_block,artifacts/poc013/input_manifest.json,dec_1990,dec_1990__2001_final__v1,data/processed/poc016/crosswalks/dec_1990__2001_final__v1.parquet,bde782d7d3a575936316828716b4eef06b077133cb68e6bed510e54e6398836d,relationship_tiger_face_area_1990_v1,511998.0,0.0,data/processed/poc016/fixed_precinct_population_products_v1.parquet,7fb71ee710f2b6c3251e976cca5da1963fb96d05274088359b10e64ade8d3467,data/processed/poc016/senate_population_products_v1.parquet,03c29b4ab42eb48971fcdd6f3dbffad47a3ad8f72d032036bbbfd3f75b6647d2,dec_1990__pa_senate_2001_final,artifacts/poc016/qa_results.json,Geometry-only same-topology TIGER face area allocation; official relationship files contain pairs but no weights.
pa_general_2012__dec_2000,executed_available_pairing,pa_general_2012,2012-11-06,general_election_day,pa_lrc_2021_release_1b_geography,pa_senate_2001_final,dec_2000,Census 2000 PL 94-171,2000-04-01,2000-04-01,2001-03-09,census_block,artifacts/poc012/input_manifest.json,dec_2000,dec_2000__2001_final__v1,data/processed/poc016/crosswalks/dec_2000__2001_final__v1.parquet,b954449f99f2a023572d5564125bf57cf52fe4a7acf43657bf2d34a39204158d,relationship_atomic_area_2000_v1,525636.0,0.0,data/processed/poc016/fixed_precinct_population_products_v1.parquet,7fb71ee710f2b6c3251e976cca5da1963fb96d05274088359b10e64ade8d3467,data/processed/poc016/senate_population_products_v1.parquet,03c29b4ab42eb48971fcdd6f3dbffad47a3ad8f72d032036bbbfd3f75b6647d2,dec_2000__pa_senate_2001_final,artifacts/poc016/qa_results.json,Geometry-only relationship/atomic-area allocation; area is not observed within-block population.
pa_general_2012__dec_2010,executed_available_pairing,pa_general_2012,2012-11-06,general_election_day,pa_lrc_2021_release_1b_geography,pa_senate_2001_final,dec_2010,2010 Census PL 94-171,2010-04-01,2010-04-01,2011-03-09,census_block,artifacts/poc011/input_manifest.json,dec_2010,dec_2010__2001_final__v1,data/processed/poc016/crosswalks/dec_2010__2001_final__v1.parquet,a1d68720edb47497f6d7d44516bfc767fb6599deba2689e2d51159a02d52c203,relationship_atomic_area_2010_v1,470771.0,0.0,data/processed/poc016/fixed_precinct_population_products_v1.parquet,7fb71ee710f2b6c3251e976cca5da1963fb96d05274088359b10e64ade8d3467,data/processed/poc016/senate_population_products_v1.parquet,03c29b4ab42eb48971fcdd6f3dbffad47a3ad8f72d032036bbbfd3f75b6647d2,dec_2010__pa_senate_2001_final,artifacts/poc016/qa_results.json,Geometry-only relationship/atomic-area allocation; area is not observed within-block population.
pa_general_2014__acs5_2009,executed_available_pairing,pa_general_2014,2014-11-04,general_election_day,pa_lrc_2021_release_1b_geography,pa_senate_2012_revised_final,acs5_2009,ACS 5-year detailed tables,2005-01-01,2009-12-31,2010-12-14,acs5_2009_block_group,artifacts/poc016/input_manifest.json,data/raw/acs5_all_pa/2009/,acs_simple_2009__2012_revised_final__v1,data/processed/poc016/crosswalks/acs_simple_2009__2012_revised_final__v1.parquet,c1ca0e59389f8d9a11cac4e19f71c19aac2c16e29aa34538804ae44e9519c3f7,simple_atomic_area_acs5_2009_v1,57052.0,0.0,data/processed/poc016/fixed_precinct_population_products_v1.parquet,7fb71ee710f2b6c3251e976cca5da1963fb96d05274088359b10e64ade8d3467,data/processed/poc016/senate_population_products_v1.parquet,03c29b4ab42eb48971fcdd6f3dbffad47a3ad8f72d032036bbbfd3f75b6647d2,acs5_2009__pa_senate_2012_revised_final,artifacts/poc016/qa_results.json,Simple EPSG:5070 block-group/atomic area allocation; area is a weak population support model. Target MOEs use weighted-source RSS and omit covariance and allocation-weight uncertainty.
pa_general_2014__acs5_2010,executed_available_pairing,pa_general_2014,2014-11-04,general_election_day,pa_lrc_2021_release_1b_geography,pa_senate_2012_revised_final,acs5_2010,ACS 5-year detailed tables,2006-01-01,2010-12-31,2011-12-08,acs5_2010_block_group,artifacts/poc016/input_manifest.json,data/raw/acs5_all_pa/2010/,acs_simple_2010__2012_revised_final__v1,data/processed/poc016/crosswalks/acs_simple_2010__2012_revised_final__v1.parquet,9b194803ec9be310dd2dcc148ff03c01122fd1651e64e71a5568aaf337e7473d,simple_atomic_area_acs5_2010_v1,54390.0,0.0,data/processed/poc016/fixed_precinct_population_products_v1.parquet,7fb71ee710f2b6c3251e976cca5da1963fb96d05274088359b10e64ade8d3467,data/processed/poc016/senate_population_products_v1.parquet,03c29b4ab42eb48971fcdd6f3dbffad47a3ad8f72d032036bbbfd3f75b6647d2,acs5_2010__pa_senate_2012_revised_final,artifacts/poc016/qa_results.json,Simple EPSG:5070 block-group/atomic area allocation; area is a weak population support model. Target MOEs use weighted-source RSS and omit covariance and allocation-weight uncertainty.
pa_general_2014__acs5_2011,executed_available_pairing,pa_general_2014,2014-11-04,general_election_day,pa_lrc_2021_release_1b_geography,pa_senate_2012_revised_final,acs5_2011,ACS 5-year detailed tables,2007-01-01,2011-12-31,2012-12-06,acs5_2011_block_group,artifacts/poc016/input_manifest.json,data/raw/acs5_all_pa/2011/,acs_population_2010_bg__2012_revised_final__v1,data/processed/poc016/crosswalks/acs_population_2010_bg__2012_revised_final__v1.parquet,8bd82ccdd5cd1c18d7245c14f38fbfba7c54d079150c82e5479cce19daed5bc7,census2010_population_atomic_acs5_2010_geography_v1,32369.0,0.0,data/processed/poc016/fixed_precinct_population_products_v1.parquet,7fb71ee710f2b6c3251e976cca5da1963fb96d05274088359b10e64ade8d3467,data/processed/poc016/senate_population_products_v1.parquet,03c29b4ab42eb48971fcdd6f3dbffad47a3ad8f72d032036bbbfd3f75b6647d2,acs5_2011__pa_senate_2012_revised_final,artifacts/poc016/qa_results.json,2010 Census population support predates the ACS period but may be stale; zero-support groups use typed simple-area fallback. Target MOEs use weighted-source RSS and omit covariance and allocation-weight uncertainty.
pa_general_2014__acs5_2012,executed_available_pairing,pa_general_2014,2014-11-04,general_election_day,pa_lrc_2021_release_1b_geography,pa_senate_2012_revised_final,acs5_2012,ACS 5-year detailed tables,2008-01-01,2012-12-31,2013-12-17,acs5_2012_block_group,artifacts/poc016/input_manifest.json,data/raw/acs5_all_pa/2012/,acs_population_2010_bg__2012_revised_final__v1,data/processed/poc016/crosswalks/acs_population_2010_bg__2012_revised_final__v1.parquet,8bd82ccdd5cd1c18d7245c14f38fbfba7c54d079150c82e5479cce19daed5bc7,census2010_population_atomic_acs5_2010_geography_v1,32369.0,0.0,data/processed/poc016/fixed_precinct_population_products_v1.parquet,7fb71ee710f2b6c3251e976cca5da1963fb96d05274088359b10e64ade8d3467,data/processed/poc016/senate_population_products_v1.parquet,03c29b4ab42eb48971fcdd6f3dbffad47a3ad8f72d032036bbbfd3f75b6647d2,acs5_2012__pa_senate_2012_revised_final,artifacts/poc016/qa_results.json,2010 Census population support predates the ACS period but may be stale; zero-support groups use typed simple-area fallback. Target MOEs use weighted-source RSS and omit covariance and allocation-weight uncertainty.
pa_general_2014__dec_1990,executed_available_pairing,pa_general_2014,2014-11-04,general_election_day,pa_lrc_2021_release_1b_geography,pa_senate_2012_revised_final,dec_1990,1990 Census STF 1B POP100,1990-04-01,1990-04-01,1991,census_block,artifacts/poc013/input_manifest.json,dec_1990,dec_1990__2012_revised_final__v1,data/processed/poc016/crosswalks/dec_1990__2012_revised_final__v1.parquet,c867ed487b1270d93d07a3f99ca37933272af845a8420e7e90a48caedcbffbe4,relationship_tiger_face_area_1990_v1,510566.0,0.0,data/processed/poc016/fixed_precinct_population_products_v1.parquet,7fb71ee710f2b6c3251e976cca5da1963fb96d05274088359b10e64ade8d3467,data/processed/poc016/senate_population_products_v1.parquet,03c29b4ab42eb48971fcdd6f3dbffad47a3ad8f72d032036bbbfd3f75b6647d2,dec_1990__pa_senate_2012_revised_final,artifacts/poc016/qa_results.json,Geometry-only same-topology TIGER face area allocation; official relationship files contain pairs but no weights.
pa_general_2014__dec_2000,executed_available_pairing,pa_general_2014,2014-11-04,general_election_day,pa_lrc_2021_release_1b_geography,pa_senate_2012_revised_final,dec_2000,Census 2000 PL 94-171,2000-04-01,2000-04-01,2001-03-09,census_block,artifacts/poc012/input_manifest.json,dec_2000,dec_2000__2012_revised_final__v1,data/processed/poc016/crosswalks/dec_2000__2012_revised_final__v1.parquet,e5131192a7933e85392c08dc17bcd4b7c80ef5f0619282c3c4e93b689fe364dd,relationship_atomic_area_2000_v1,524217.0,0.0,data/processed/poc016/fixed_precinct_population_products_v1.parquet,7fb71ee710f2b6c3251e976cca5da1963fb96d05274088359b10e64ade8d3467,data/processed/poc016/senate_population_products_v1.parquet,03c29b4ab42eb48971fcdd6f3dbffad47a3ad8f72d032036bbbfd3f75b6647d2,dec_2000__pa_senate_2012_revised_final,artifacts/poc016/qa_results.json,Geometry-only relationship/atomic-area allocation; area is not observed within-block population.
pa_general_2014__dec_2010,executed_available_pairing,pa_general_2014,2014-11-04,general_election_day,pa_lrc_2021_release_1b_geography,pa_senate_2012_revised_final,dec_2010,2010 Census PL 94-171,2010-04-01,2010-04-01,2011-03-09,census_block,artifacts/poc011/input_manifest.json,dec_2010,dec_2010__2012_revised_final__v1,data/processed/poc016/crosswalks/dec_2010__2012_revised_final__v1.parquet,addedb4491a9f08a145b95050ff0ccff96cd891ccfac953992b03b8d4d6013d6,relationship_atomic_area_2010_v1,468928.0,0.0,data/processed/poc016/fixed_precinct_population_products_v1.parquet,7fb71ee710f2b6c3251e976cca5da1963fb96d05274088359b10e64ade8d3467,data/processed/poc016/senate_population_products_v1.parquet,03c29b4ab42eb48971fcdd6f3dbffad47a3ad8f72d032036bbbfd3f75b6647d2,dec_2010__pa_senate_2012_revised_final,artifacts/poc016/qa_results.json,Geometry-only relationship/atomic-area allocation; area is not observed within-block population.
pa_general_2016__acs5_2009,executed_available_pairing,pa_general_2016,2016-11-08,general_election_day,pa_lrc_2021_release_1b_geography,pa_senate_2012_revised_final,acs5_2009,ACS 5-year detailed tables,2005-01-01,2009-12-31,2010-12-14,acs5_2009_block_group,artifacts/poc016/input_manifest.json,data/raw/acs5_all_pa/2009/,acs_simple_2009__2012_revised_final__v1,data/processed/poc016/crosswalks/acs_simple_2009__2012_revised_final__v1.parquet,c1ca0e59389f8d9a11cac4e19f71c19aac2c16e29aa34538804ae44e9519c3f7,simple_atomic_area_acs5_2009_v1,57052.0,0.0,data/processed/poc016/fixed_precinct_population_products_v1.parquet,7fb71ee710f2b6c3251e976cca5da1963fb96d05274088359b10e64ade8d3467,data/processed/poc016/senate_population_products_v1.parquet,03c29b4ab42eb48971fcdd6f3dbffad47a3ad8f72d032036bbbfd3f75b6647d2,acs5_2009__pa_senate_2012_revised_final,artifacts/poc016/qa_results.json,Simple EPSG:5070 block-group/atomic area allocation; area is a weak population support model. Target MOEs use weighted-source RSS and omit covariance and allocation-weight uncertainty.
pa_general_2016__acs5_2010,executed_available_pairing,pa_general_2016,2016-11-08,general_election_day,pa_lrc_2021_release_1b_geography,pa_senate_2012_revised_final,acs5_2010,ACS 5-year detailed tables,2006-01-01,2010-12-31,2011-12-08,acs5_2010_block_group,artifacts/poc016/input_manifest.json,data/raw/acs5_all_pa/2010/,acs_simple_2010__2012_revised_final__v1,data/processed/poc016/crosswalks/acs_simple_2010__2012_revised_final__v1.parquet,9b194803ec9be310dd2dcc148ff03c01122fd1651e64e71a5568aaf337e7473d,simple_atomic_area_acs5_2010_v1,54390.0,0.0,data/processed/poc016/fixed_precinct_population_products_v1.parquet,7fb71ee710f2b6c3251e976cca5da1963fb96d05274088359b10e64ade8d3467,data/processed/poc016/senate_population_products_v1.parquet,03c29b4ab42eb48971fcdd6f3dbffad47a3ad8f72d032036bbbfd3f75b6647d2,acs5_2010__pa_senate_2012_revised_final,artifacts/poc016/qa_results.json,Simple EPSG:5070 block-group/atomic area allocation; area is a weak population support model. Target MOEs use weighted-source RSS and omit covariance and allocation-weight uncertainty.
pa_general_2016__acs5_2011,executed_available_pairing,pa_general_2016,2016-11-08,general_election_day,pa_lrc_2021_release_1b_geography,pa_senate_2012_revised_final,acs5_2011,ACS 5-year detailed tables,2007-01-01,2011-12-31,2012-12-06,acs5_2011_block_group,artifacts/poc016/input_manifest.json,data/raw/acs5_all_pa/2011/,acs_population_2010_bg__2012_revised_final__v1,data/processed/poc016/crosswalks/acs_population_2010_bg__2012_revised_final__v1.parquet,8bd82ccdd5cd1c18d7245c14f38fbfba7c54d079150c82e5479cce19daed5bc7,census2010_population_atomic_acs5_2010_geography_v1,32369.0,0.0,data/processed/poc016/fixed_precinct_population_products_v1.parquet,7fb71ee710f2b6c3251e976cca5da1963fb96d05274088359b10e64ade8d3467,data/processed/poc016/senate_population_products_v1.parquet,03c29b4ab42eb48971fcdd6f3dbffad47a3ad8f72d032036bbbfd3f75b6647d2,acs5_2011__pa_senate_2012_revised_final,artifacts/poc016/qa_results.json,2010 Census population support predates the ACS period but may be stale; zero-support groups use typed simple-area fallback. Target MOEs use weighted-source RSS and omit covariance and allocation-weight uncertainty.
pa_general_2016__acs5_2012,executed_available_pairing,pa_general_2016,2016-11-08,general_election_day,pa_lrc_2021_release_1b_geography,pa_senate_2012_revised_final,acs5_2012,ACS 5-year detailed tables,2008-01-01,2012-12-31,2013-12-17,acs5_2012_block_group,artifacts/poc016/input_manifest.json,data/raw/acs5_all_pa/2012/,acs_population_2010_bg__2012_revised_final__v1,data/processed/poc016/crosswalks/acs_population_2010_bg__2012_revised_final__v1.parquet,8bd82ccdd5cd1c18d7245c14f38fbfba7c54d079150c82e5479cce19daed5bc7,census2010_population_atomic_acs5_2010_geography_v1,32369.0,0.0,data/processed/poc016/fixed_precinct_population_products_v1.parquet,7fb71ee710f2b6c3251e976cca5da1963fb96d05274088359b10e64ade8d3467,data/processed/poc016/senate_population_products_v1.parquet,03c29b4ab42eb48971fcdd6f3dbffad47a3ad8f72d032036bbbfd3f75b6647d2,acs5_2012__pa_senate_2012_revised_final,artifacts/poc016/qa_results.json,2010 Census population support predates the ACS period but may be stale; zero-support groups use typed simple-area fallback. Target MOEs use weighted-source RSS and omit covariance and allocation-weight uncertainty.
pa_general_2016__acs5_2013,executed_available_pairing,pa_general_2016,2016-11-08,general_election_day,pa_lrc_2021_release_1b_geography,pa_senate_2012_revised_final,acs5_2013,ACS 5-year detailed tables,2009-01-01,2013-12-31,2014-12-04,acs5_2013_block_group,artifacts/poc016/input_manifest.json,data/raw/acs5_all_pa/2013/,acs_population_2010_bg__2012_revised_final__v1,data/processed/poc016/crosswalks/acs_population_2010_bg__2012_revised_final__v1.parquet,8bd82ccdd5cd1c18d7245c14f38fbfba7c54d079150c82e5479cce19daed5bc7,census2010_population_atomic_acs5_2010_geography_v1,32369.0,0.0,data/processed/poc016/fixed_precinct_population_products_v1.parquet,7fb71ee710f2b6c3251e976cca5da1963fb96d05274088359b10e64ade8d3467,data/processed/poc016/senate_population_products_v1.parquet,03c29b4ab42eb48971fcdd6f3dbffad47a3ad8f72d032036bbbfd3f75b6647d2,acs5_2013__pa_senate_2012_revised_final,artifacts/poc016/qa_results.json,2010 Census population support predates the ACS period but may be stale; zero-support groups use typed simple-area fallback. Target MOEs use weighted-source RSS and omit covariance and allocation-weight uncertainty.
pa_general_2016__acs5_2014,executed_available_pairing,pa_general_2016,2016-11-08,general_election_day,pa_lrc_2021_release_1b_geography,pa_senate_2012_revised_final,acs5_2014,ACS 5-year detailed tables,2010-01-01,2014-12-31,2015-12-03,acs5_2014_block_group,artifacts/poc016/input_manifest.json,data/raw/acs5_all_pa/2014/,acs_population_2010_bg__2012_revised_final__v1,data/processed/poc016/crosswalks/acs_population_2010_bg__2012_revised_final__v1.parquet,8bd82ccdd5cd1c18d7245c14f38fbfba7c54d079150c82e5479cce19daed5bc7,census2010_population_atomic_acs5_2010_geography_v1,32369.0,0.0,data/processed/poc016/fixed_precinct_population_products_v1.parquet,7fb71ee710f2b6c3251e976cca5da1963fb96d05274088359b10e64ade8d3467,data/processed/poc016/senate_population_products_v1.parquet,03c29b4ab42eb48971fcdd6f3dbffad47a3ad8f72d032036bbbfd3f75b6647d2,acs5_2014__pa_senate_2012_revised_final,artifacts/poc016/qa_results.json,2010 Census population support predates the ACS period but may be stale; zero-support groups use typed simple-area fallback. Target MOEs use weighted-source RSS and omit covariance and allocation-weight uncertainty.
pa_general_2016__dec_1990,executed_available_pairing,pa_general_2016,2016-11-08,general_election_day,pa_lrc_2021_release_1b_geography,pa_senate_2012_revised_final,dec_1990,1990 Census STF 1B POP100,1990-04-01,1990-04-01,1991,census_block,artifacts/poc013/input_manifest.json,dec_1990,dec_1990__2012_revised_final__v1,data/processed/poc016/crosswalks/dec_1990__2012_revised_final__v1.parquet,c867ed487b1270d93d07a3f99ca37933272af845a8420e7e90a48caedcbffbe4,relationship_tiger_face_area_1990_v1,510566.0,0.0,data/processed/poc016/fixed_precinct_population_products_v1.parquet,7fb71ee710f2b6c3251e976cca5da1963fb96d05274088359b10e64ade8d3467,data/processed/poc016/senate_population_products_v1.parquet,03c29b4ab42eb48971fcdd6f3dbffad47a3ad8f72d032036bbbfd3f75b6647d2,dec_1990__pa_senate_2012_revised_final,artifacts/poc016/qa_results.json,Geometry-only same-topology TIGER face area allocation; official relationship files contain pairs but no weights.
pa_general_2016__dec_2000,executed_available_pairing,pa_general_2016,2016-11-08,general_election_day,pa_lrc_2021_release_1b_geography,pa_senate_2012_revised_final,dec_2000,Census 2000 PL 94-171,2000-04-01,2000-04-01,2001-03-09,census_block,artifacts/poc012/input_manifest.json,dec_2000,dec_2000__2012_revised_final__v1,data/processed/poc016/crosswalks/dec_2000__2012_revised_final__v1.parquet,e5131192a7933e85392c08dc17bcd4b7c80ef5f0619282c3c4e93b689fe364dd,relationship_atomic_area_2000_v1,524217.0,0.0,data/processed/poc016/fixed_precinct_population_products_v1.parquet,7fb71ee710f2b6c3251e976cca5da1963fb96d05274088359b10e64ade8d3467,data/processed/poc016/senate_population_products_v1.parquet,03c29b4ab42eb48971fcdd6f3dbffad47a3ad8f72d032036bbbfd3f75b6647d2,dec_2000__pa_senate_2012_revised_final,artifacts/poc016/qa_results.json,Geometry-only relationship/atomic-area allocation; area is not observed within-block population.
pa_general_2016__dec_2010,executed_available_pairing,pa_general_2016,2016-11-08,general_election_day,pa_lrc_2021_release_1b_geography,pa_senate_2012_revised_final,dec_2010,2010 Census PL 94-171,2010-04-01,2010-04-01,2011-03-09,census_block,artifacts/poc011/input_manifest.json,dec_2010,dec_2010__2012_revised_final__v1,data/processed/poc016/crosswalks/dec_2010__2012_revised_final__v1.parquet,addedb4491a9f08a145b95050ff0ccff96cd891ccfac953992b03b8d4d6013d6,relationship_atomic_area_2010_v1,468928.0,0.0,data/processed/poc016/fixed_precinct_population_products_v1.parquet,7fb71ee710f2b6c3251e976cca5da1963fb96d05274088359b10e64ade8d3467,data/processed/poc016/senate_population_products_v1.parquet,03c29b4ab42eb48971fcdd6f3dbffad47a3ad8f72d032036bbbfd3f75b6647d2,dec_2010__pa_senate_2012_revised_final,artifacts/poc016/qa_results.json,Geometry-only relationship/atomic-area allocation; area is not observed within-block population.
pa_general_2018__acs5_2009,executed_available_pairing,pa_general_2018,2018-11-06,general_election_day,pa_lrc_2021_release_1b_geography,pa_senate_2012_revised_final,acs5_2009,ACS 5-year detailed tables,2005-01-01,2009-12-31,2010-12-14,acs5_2009_block_group,artifacts/poc016/input_manifest.json,data/raw/acs5_all_pa/2009/,acs_simple_2009__2012_revised_final__v1,data/processed/poc016/crosswalks/acs_simple_2009__2012_revised_final__v1.parquet,c1ca0e59389f8d9a11cac4e19f71c19aac2c16e29aa34538804ae44e9519c3f7,simple_atomic_area_acs5_2009_v1,57052.0,0.0,data/processed/poc016/fixed_precinct_population_products_v1.parquet,7fb71ee710f2b6c3251e976cca5da1963fb96d05274088359b10e64ade8d3467,data/processed/poc016/senate_population_products_v1.parquet,03c29b4ab42eb48971fcdd6f3dbffad47a3ad8f72d032036bbbfd3f75b6647d2,acs5_2009__pa_senate_2012_revised_final,artifacts/poc016/qa_results.json,Simple EPSG:5070 block-group/atomic area allocation; area is a weak population support model. Target MOEs use weighted-source RSS and omit covariance and allocation-weight uncertainty.
pa_general_2018__acs5_2010,executed_available_pairing,pa_general_2018,2018-11-06,general_election_day,pa_lrc_2021_release_1b_geography,pa_senate_2012_revised_final,acs5_2010,ACS 5-year detailed tables,2006-01-01,2010-12-31,2011-12-08,acs5_2010_block_group,artifacts/poc016/input_manifest.json,data/raw/acs5_all_pa/2010/,acs_simple_2010__2012_revised_final__v1,data/processed/poc016/crosswalks/acs_simple_2010__2012_revised_final__v1.parquet,9b194803ec9be310dd2dcc148ff03c01122fd1651e64e71a5568aaf337e7473d,simple_atomic_area_acs5_2010_v1,54390.0,0.0,data/processed/poc016/fixed_precinct_population_products_v1.parquet,7fb71ee710f2b6c3251e976cca5da1963fb96d05274088359b10e64ade8d3467,data/processed/poc016/senate_population_products_v1.parquet,03c29b4ab42eb48971fcdd6f3dbffad47a3ad8f72d032036bbbfd3f75b6647d2,acs5_2010__pa_senate_2012_revised_final,artifacts/poc016/qa_results.json,Simple EPSG:5070 block-group/atomic area allocation; area is a weak population support model. Target MOEs use weighted-source RSS and omit covariance and allocation-weight uncertainty.
pa_general_2018__acs5_2011,executed_available_pairing,pa_general_2018,2018-11-06,general_election_day,pa_lrc_2021_release_1b_geography,pa_senate_2012_revised_final,acs5_2011,ACS 5-year detailed tables,2007-01-01,2011-12-31,2012-12-06,acs5_2011_block_group,artifacts/poc016/input_manifest.json,data/raw/acs5_all_pa/2011/,acs_population_2010_bg__2012_revised_final__v1,data/processed/poc016/crosswalks/acs_population_2010_bg__2012_revised_final__v1.parquet,8bd82ccdd5cd1c18d7245c14f38fbfba7c54d079150c82e5479cce19daed5bc7,census2010_population_atomic_acs5_2010_geography_v1,32369.0,0.0,data/processed/poc016/fixed_precinct_population_products_v1.parquet,7fb71ee710f2b6c3251e976cca5da1963fb96d05274088359b10e64ade8d3467,data/processed/poc016/senate_population_products_v1.parquet,03c29b4ab42eb48971fcdd6f3dbffad47a3ad8f72d032036bbbfd3f75b6647d2,acs5_2011__pa_senate_2012_revised_final,artifacts/poc016/qa_results.json,2010 Census population support predates the ACS period but may be stale; zero-support groups use typed simple-area fallback. Target MOEs use weighted-source RSS and omit covariance and allocation-weight uncertainty.
pa_general_2018__acs5_2012,executed_available_pairing,pa_general_2018,2018-11-06,general_election_day,pa_lrc_2021_release_1b_geography,pa_senate_2012_revised_final,acs5_2012,ACS 5-year detailed tables,2008-01-01,2012-12-31,2013-12-17,acs5_2012_block_group,artifacts/poc016/input_manifest.json,data/raw/acs5_all_pa/2012/,acs_population_2010_bg__2012_revised_final__v1,data/processed/poc016/crosswalks/acs_population_2010_bg__2012_revised_final__v1.parquet,8bd82ccdd5cd1c18d7245c14f38fbfba7c54d079150c82e5479cce19daed5bc7,census2010_population_atomic_acs5_2010_geography_v1,32369.0,0.0,data/processed/poc016/fixed_precinct_population_products_v1.parquet,7fb71ee710f2b6c3251e976cca5da1963fb96d05274088359b10e64ade8d3467,data/processed/poc016/senate_population_products_v1.parquet,03c29b4ab42eb48971fcdd6f3dbffad47a3ad8f72d032036bbbfd3f75b6647d2,acs5_2012__pa_senate_2012_revised_final,artifacts/poc016/qa_results.json,2010 Census population support predates the ACS period but may be stale; zero-support groups use typed simple-area fallback. Target MOEs use weighted-source RSS and omit covariance and allocation-weight uncertainty.
pa_general_2018__acs5_2013,executed_available_pairing,pa_general_2018,2018-11-06,general_election_day,pa_lrc_2021_release_1b_geography,pa_senate_2012_revised_final,acs5_2013,ACS 5-year detailed tables,2009-01-01,2013-12-31,2014-12-04,acs5_2013_block_group,artifacts/poc016/input_manifest.json,data/raw/acs5_all_pa/2013/,acs_population_2010_bg__2012_revised_final__v1,data/processed/poc016/crosswalks/acs_population_2010_bg__2012_revised_final__v1.parquet,8bd82ccdd5cd1c18d7245c14f38fbfba7c54d079150c82e5479cce19daed5bc7,census2010_population_atomic_acs5_2010_geography_v1,32369.0,0.0,data/processed/poc016/fixed_precinct_population_products_v1.parquet,7fb71ee710f2b6c3251e976cca5da1963fb96d05274088359b10e64ade8d3467,data/processed/poc016/senate_population_products_v1.parquet,03c29b4ab42eb48971fcdd6f3dbffad47a3ad8f72d032036bbbfd3f75b6647d2,acs5_2013__pa_senate_2012_revised_final,artifacts/poc016/qa_results.json,2010 Census population support predates the ACS period but may be stale; zero-support groups use typed simple-area fallback. Target MOEs use weighted-source RSS and omit covariance and allocation-weight uncertainty.
pa_general_2018__acs5_2014,executed_available_pairing,pa_general_2018,2018-11-06,general_election_day,pa_lrc_2021_release_1b_geography,pa_senate_2012_revised_final,acs5_2014,ACS 5-year detailed tables,2010-01-01,2014-12-31,2015-12-03,acs5_2014_block_group,artifacts/poc016/input_manifest.json,data/raw/acs5_all_pa/2014/,acs_population_2010_bg__2012_revised_final__v1,data/processed/poc016/crosswalks/acs_population_2010_bg__2012_revised_final__v1.parquet,8bd82ccdd5cd1c18d7245c14f38fbfba7c54d079150c82e5479cce19daed5bc7,census2010_population_atomic_acs5_2010_geography_v1,32369.0,0.0,data/processed/poc016/fixed_precinct_population_products_v1.parquet,7fb71ee710f2b6c3251e976cca5da1963fb96d05274088359b10e64ade8d3467,data/processed/poc016/senate_population_products_v1.parquet,03c29b4ab42eb48971fcdd6f3dbffad47a3ad8f72d032036bbbfd3f75b6647d2,acs5_2014__pa_senate_2012_revised_final,artifacts/poc016/qa_results.json,2010 Census population support predates the ACS period but may be stale; zero-support groups use typed simple-area fallback. Target MOEs use weighted-source RSS and omit covariance and allocation-weight uncertainty.
pa_general_2018__acs5_2015,executed_available_pairing,pa_general_2018,2018-11-06,general_election_day,pa_lrc_2021_release_1b_geography,pa_senate_2012_revised_final,acs5_2015,ACS 5-year detailed tables,2011-01-01,2015-12-31,2016-12-08,acs5_2015_block_group,artifacts/poc016/input_manifest.json,data/raw/acs5_all_pa/2015/,block_group_to_fixed_precinct_2012_senate_v1,data/processed/statewide_acs5_2015/block_group_to_fixed_precinct_2012_senate_v1.parquet,2293883eb4078f6f31f6883cd56a6c8ce6cb54718601c31ffece24ac6d5a6227,census2010_population_atomic_acs5_2015_v1,32365.0,0.0,data/processed/poc016/fixed_precinct_population_products_v1.parquet,7fb71ee710f2b6c3251e976cca5da1963fb96d05274088359b10e64ade8d3467,data/processed/poc016/senate_population_products_v1.parquet,03c29b4ab42eb48971fcdd6f3dbffad47a3ad8f72d032036bbbfd3f75b6647d2,acs5_2015__pa_senate_2012_revised_final,artifacts/poc016/qa_results.json,2010 Census population support predates the ACS period but may be stale; zero-support groups use typed simple-area fallback. Target MOEs use weighted-source RSS and omit covariance and allocation-weight uncertainty.
pa_general_2018__acs5_2016,executed_available_pairing,pa_general_2018,2018-11-06,general_election_day,pa_lrc_2021_release_1b_geography,pa_senate_2012_revised_final,acs5_2016,ACS 5-year detailed tables,2012-01-01,2016-12-31,2017-12-07,acs5_2016_block_group,artifacts/poc016/input_manifest.json,data/raw/acs5_all_pa/2016/,acs_population_2010_bg__2012_revised_final__v1,data/processed/poc016/crosswalks/acs_population_2010_bg__2012_revised_final__v1.parquet,8bd82ccdd5cd1c18d7245c14f38fbfba7c54d079150c82e5479cce19daed5bc7,census2010_population_atomic_acs5_2010_geography_v1,32369.0,0.0,data/processed/poc016/fixed_precinct_population_products_v1.parquet,7fb71ee710f2b6c3251e976cca5da1963fb96d05274088359b10e64ade8d3467,data/processed/poc016/senate_population_products_v1.parquet,03c29b4ab42eb48971fcdd6f3dbffad47a3ad8f72d032036bbbfd3f75b6647d2,acs5_2016__pa_senate_2012_revised_final,artifacts/poc016/qa_results.json,2010 Census population support predates the ACS period but may be stale; zero-support groups use typed simple-area fallback. Target MOEs use weighted-source RSS and omit covariance and allocation-weight uncertainty.
pa_general_2018__dec_1990,executed_available_pairing,pa_general_2018,2018-11-06,general_election_day,pa_lrc_2021_release_1b_geography,pa_senate_2012_revised_final,dec_1990,1990 Census STF 1B POP100,1990-04-01,1990-04-01,1991,census_block,artifacts/poc013/input_manifest.json,dec_1990,dec_1990__2012_revised_final__v1,data/processed/poc016/crosswalks/dec_1990__2012_revised_final__v1.parquet,c867ed487b1270d93d07a3f99ca37933272af845a8420e7e90a48caedcbffbe4,relationship_tiger_face_area_1990_v1,510566.0,0.0,data/processed/poc016/fixed_precinct_population_products_v1.parquet,7fb71ee710f2b6c3251e976cca5da1963fb96d05274088359b10e64ade8d3467,data/processed/poc016/senate_population_products_v1.parquet,03c29b4ab42eb48971fcdd6f3dbffad47a3ad8f72d032036bbbfd3f75b6647d2,dec_1990__pa_senate_2012_revised_final,artifacts/poc016/qa_results.json,Geometry-only same-topology TIGER face area allocation; official relationship files contain pairs but no weights.
pa_general_2018__dec_2000,executed_available_pairing,pa_general_2018,2018-11-06,general_election_day,pa_lrc_2021_release_1b_geography,pa_senate_2012_revised_final,dec_2000,Census 2000 PL 94-171,2000-04-01,2000-04-01,2001-03-09,census_block,artifacts/poc012/input_manifest.json,dec_2000,dec_2000__2012_revised_final__v1,data/processed/poc016/crosswalks/dec_2000__2012_revised_final__v1.parquet,e5131192a7933e85392c08dc17bcd4b7c80ef5f0619282c3c4e93b689fe364dd,relationship_atomic_area_2000_v1,524217.0,0.0,data/processed/poc016/fixed_precinct_population_products_v1.parquet,7fb71ee710f2b6c3251e976cca5da1963fb96d05274088359b10e64ade8d3467,data/processed/poc016/senate_population_products_v1.parquet,03c29b4ab42eb48971fcdd6f3dbffad47a3ad8f72d032036bbbfd3f75b6647d2,dec_2000__pa_senate_2012_revised_final,artifacts/poc016/qa_results.json,Geometry-only relationship/atomic-area allocation; area is not observed within-block population.
pa_general_2018__dec_2010,executed_available_pairing,pa_general_2018,2018-11-06,general_election_day,pa_lrc_2021_release_1b_geography,pa_senate_2012_revised_final,dec_2010,2010 Census PL 94-171,2010-04-01,2010-04-01,2011-03-09,census_block,artifacts/poc011/input_manifest.json,dec_2010,dec_2010__2012_revised_final__v1,data/processed/poc016/crosswalks/dec_2010__2012_revised_final__v1.parquet,addedb4491a9f08a145b95050ff0ccff96cd891ccfac953992b03b8d4d6013d6,relationship_atomic_area_2010_v1,468928.0,0.0,data/processed/poc016/fixed_precinct_population_products_v1.parquet,7fb71ee710f2b6c3251e976cca5da1963fb96d05274088359b10e64ade8d3467,data/processed/poc016/senate_population_products_v1.parquet,03c29b4ab42eb48971fcdd6f3dbffad47a3ad8f72d032036bbbfd3f75b6647d2,dec_2010__pa_senate_2012_revised_final,artifacts/poc016/qa_results.json,Geometry-only relationship/atomic-area allocation; area is not observed within-block population.
pa_general_2020__acs5_2009,executed_available_pairing,pa_general_2020,2020-11-03,general_election_day,pa_lrc_2021_release_1b_geography,pa_senate_2012_revised_final,acs5_2009,ACS 5-year detailed tables,2005-01-01,2009-12-31,2010-12-14,acs5_2009_block_group,artifacts/poc016/input_manifest.json,data/raw/acs5_all_pa/2009/,acs_simple_2009__2012_revised_final__v1,data/processed/poc016/crosswalks/acs_simple_2009__2012_revised_final__v1.parquet,c1ca0e59389f8d9a11cac4e19f71c19aac2c16e29aa34538804ae44e9519c3f7,simple_atomic_area_acs5_2009_v1,57052.0,0.0,data/processed/poc016/fixed_precinct_population_products_v1.parquet,7fb71ee710f2b6c3251e976cca5da1963fb96d05274088359b10e64ade8d3467,data/processed/poc016/senate_population_products_v1.parquet,03c29b4ab42eb48971fcdd6f3dbffad47a3ad8f72d032036bbbfd3f75b6647d2,acs5_2009__pa_senate_2012_revised_final,artifacts/poc016/qa_results.json,Simple EPSG:5070 block-group/atomic area allocation; area is a weak population support model. Target MOEs use weighted-source RSS and omit covariance and allocation-weight uncertainty.
pa_general_2020__acs5_2010,executed_available_pairing,pa_general_2020,2020-11-03,general_election_day,pa_lrc_2021_release_1b_geography,pa_senate_2012_revised_final,acs5_2010,ACS 5-year detailed tables,2006-01-01,2010-12-31,2011-12-08,acs5_2010_block_group,artifacts/poc016/input_manifest.json,data/raw/acs5_all_pa/2010/,acs_simple_2010__2012_revised_final__v1,data/processed/poc016/crosswalks/acs_simple_2010__2012_revised_final__v1.parquet,9b194803ec9be310dd2dcc148ff03c01122fd1651e64e71a5568aaf337e7473d,simple_atomic_area_acs5_2010_v1,54390.0,0.0,data/processed/poc016/fixed_precinct_population_products_v1.parquet,7fb71ee710f2b6c3251e976cca5da1963fb96d05274088359b10e64ade8d3467,data/processed/poc016/senate_population_products_v1.parquet,03c29b4ab42eb48971fcdd6f3dbffad47a3ad8f72d032036bbbfd3f75b6647d2,acs5_2010__pa_senate_2012_revised_final,artifacts/poc016/qa_results.json,Simple EPSG:5070 block-group/atomic area allocation; area is a weak population support model. Target MOEs use weighted-source RSS and omit covariance and allocation-weight uncertainty.
pa_general_2020__acs5_2011,executed_available_pairing,pa_general_2020,2020-11-03,general_election_day,pa_lrc_2021_release_1b_geography,pa_senate_2012_revised_final,acs5_2011,ACS 5-year detailed tables,2007-01-01,2011-12-31,2012-12-06,acs5_2011_block_group,artifacts/poc016/input_manifest.json,data/raw/acs5_all_pa/2011/,acs_population_2010_bg__2012_revised_final__v1,data/processed/poc016/crosswalks/acs_population_2010_bg__2012_revised_final__v1.parquet,8bd82ccdd5cd1c18d7245c14f38fbfba7c54d079150c82e5479cce19daed5bc7,census2010_population_atomic_acs5_2010_geography_v1,32369.0,0.0,data/processed/poc016/fixed_precinct_population_products_v1.parquet,7fb71ee710f2b6c3251e976cca5da1963fb96d05274088359b10e64ade8d3467,data/processed/poc016/senate_population_products_v1.parquet,03c29b4ab42eb48971fcdd6f3dbffad47a3ad8f72d032036bbbfd3f75b6647d2,acs5_2011__pa_senate_2012_revised_final,artifacts/poc016/qa_results.json,2010 Census population support predates the ACS period but may be stale; zero-support groups use typed simple-area fallback. Target MOEs use weighted-source RSS and omit covariance and allocation-weight uncertainty.
pa_general_2020__acs5_2012,executed_available_pairing,pa_general_2020,2020-11-03,general_election_day,pa_lrc_2021_release_1b_geography,pa_senate_2012_revised_final,acs5_2012,ACS 5-year detailed tables,2008-01-01,2012-12-31,2013-12-17,acs5_2012_block_group,artifacts/poc016/input_manifest.json,data/raw/acs5_all_pa/2012/,acs_population_2010_bg__2012_revised_final__v1,data/processed/poc016/crosswalks/acs_population_2010_bg__2012_revised_final__v1.parquet,8bd82ccdd5cd1c18d7245c14f38fbfba7c54d079150c82e5479cce19daed5bc7,census2010_population_atomic_acs5_2010_geography_v1,32369.0,0.0,data/processed/poc016/fixed_precinct_population_products_v1.parquet,7fb71ee710f2b6c3251e976cca5da1963fb96d05274088359b10e64ade8d3467,data/processed/poc016/senate_population_products_v1.parquet,03c29b4ab42eb48971fcdd6f3dbffad47a3ad8f72d032036bbbfd3f75b6647d2,acs5_2012__pa_senate_2012_revised_final,artifacts/poc016/qa_results.json,2010 Census population support predates the ACS period but may be stale; zero-support groups use typed simple-area fallback. Target MOEs use weighted-source RSS and omit covariance and allocation-weight uncertainty.
pa_general_2020__acs5_2013,executed_available_pairing,pa_general_2020,2020-11-03,general_election_day,pa_lrc_2021_release_1b_geography,pa_senate_2012_revised_final,acs5_2013,ACS 5-year detailed tables,2009-01-01,2013-12-31,2014-12-04,acs5_2013_block_group,artifacts/poc016/input_manifest.json,data/raw/acs5_all_pa/2013/,acs_population_2010_bg__2012_revised_final__v1,data/processed/poc016/crosswalks/acs_population_2010_bg__2012_revised_final__v1.parquet,8bd82ccdd5cd1c18d7245c14f38fbfba7c54d079150c82e5479cce19daed5bc7,census2010_population_atomic_acs5_2010_geography_v1,32369.0,0.0,data/processed/poc016/fixed_precinct_population_products_v1.parquet,7fb71ee710f2b6c3251e976cca5da1963fb96d05274088359b10e64ade8d3467,data/processed/poc016/senate_population_products_v1.parquet,03c29b4ab42eb48971fcdd6f3dbffad47a3ad8f72d032036bbbfd3f75b6647d2,acs5_2013__pa_senate_2012_revised_final,artifacts/poc016/qa_results.json,2010 Census population support predates the ACS period but may be stale; zero-support groups use typed simple-area fallback. Target MOEs use weighted-source RSS and omit covariance and allocation-weight uncertainty.
pa_general_2020__acs5_2014,executed_available_pairing,pa_general_2020,2020-11-03,general_election_day,pa_lrc_2021_release_1b_geography,pa_senate_2012_revised_final,acs5_2014,ACS 5-year detailed tables,2010-01-01,2014-12-31,2015-12-03,acs5_2014_block_group,artifacts/poc016/input_manifest.json,data/raw/acs5_all_pa/2014/,acs_population_2010_bg__2012_revised_final__v1,data/processed/poc016/crosswalks/acs_population_2010_bg__2012_revised_final__v1.parquet,8bd82ccdd5cd1c18d7245c14f38fbfba7c54d079150c82e5479cce19daed5bc7,census2010_population_atomic_acs5_2010_geography_v1,32369.0,0.0,data/processed/poc016/fixed_precinct_population_products_v1.parquet,7fb71ee710f2b6c3251e976cca5da1963fb96d05274088359b10e64ade8d3467,data/processed/poc016/senate_population_products_v1.parquet,03c29b4ab42eb48971fcdd6f3dbffad47a3ad8f72d032036bbbfd3f75b6647d2,acs5_2014__pa_senate_2012_revised_final,artifacts/poc016/qa_results.json,2010 Census population support predates the ACS period but may be stale; zero-support groups use typed simple-area fallback. Target MOEs use weighted-source RSS and omit covariance and allocation-weight uncertainty.
pa_general_2020__acs5_2015,executed_available_pairing,pa_general_2020,2020-11-03,general_election_day,pa_lrc_2021_release_1b_geography,pa_senate_2012_revised_final,acs5_2015,ACS 5-year detailed tables,2011-01-01,2015-12-31,2016-12-08,acs5_2015_block_group,artifacts/poc016/input_manifest.json,data/raw/acs5_all_pa/2015/,block_group_to_fixed_precinct_2012_senate_v1,data/processed/statewide_acs5_2015/block_group_to_fixed_precinct_2012_senate_v1.parquet,2293883eb4078f6f31f6883cd56a6c8ce6cb54718601c31ffece24ac6d5a6227,census2010_population_atomic_acs5_2015_v1,32365.0,0.0,data/processed/poc016/fixed_precinct_population_products_v1.parquet,7fb71ee710f2b6c3251e976cca5da1963fb96d05274088359b10e64ade8d3467,data/processed/poc016/senate_population_products_v1.parquet,03c29b4ab42eb48971fcdd6f3dbffad47a3ad8f72d032036bbbfd3f75b6647d2,acs5_2015__pa_senate_2012_revised_final,artifacts/poc016/qa_results.json,2010 Census population support predates the ACS period but may be stale; zero-support groups use typed simple-area fallback. Target MOEs use weighted-source RSS and omit covariance and allocation-weight uncertainty.
pa_general_2020__acs5_2016,executed_available_pairing,pa_general_2020,2020-11-03,general_election_day,pa_lrc_2021_release_1b_geography,pa_senate_2012_revised_final,acs5_2016,ACS 5-year detailed tables,2012-01-01,2016-12-31,2017-12-07,acs5_2016_block_group,artifacts/poc016/input_manifest.json,data/raw/acs5_all_pa/2016/,acs_population_2010_bg__2012_revised_final__v1,data/processed/poc016/crosswalks/acs_population_2010_bg__2012_revised_final__v1.parquet,8bd82ccdd5cd1c18d7245c14f38fbfba7c54d079150c82e5479cce19daed5bc7,census2010_population_atomic_acs5_2010_geography_v1,32369.0,0.0,data/processed/poc016/fixed_precinct_population_products_v1.parquet,7fb71ee710f2b6c3251e976cca5da1963fb96d05274088359b10e64ade8d3467,data/processed/poc016/senate_population_products_v1.parquet,03c29b4ab42eb48971fcdd6f3dbffad47a3ad8f72d032036bbbfd3f75b6647d2,acs5_2016__pa_senate_2012_revised_final,artifacts/poc016/qa_results.json,2010 Census population support predates the ACS period but may be stale; zero-support groups use typed simple-area fallback. Target MOEs use weighted-source RSS and omit covariance and allocation-weight uncertainty.
pa_general_2020__acs5_2017,executed_available_pairing,pa_general_2020,2020-11-03,general_election_day,pa_lrc_2021_release_1b_geography,pa_senate_2012_revised_final,acs5_2017,ACS 5-year detailed tables,2013-01-01,2017-12-31,2018-12-06,acs5_2017_block_group,artifacts/poc016/input_manifest.json,data/raw/acs5_all_pa/2017/,acs_population_2010_bg__2012_revised_final__v1,data/processed/poc016/crosswalks/acs_population_2010_bg__2012_revised_final__v1.parquet,8bd82ccdd5cd1c18d7245c14f38fbfba7c54d079150c82e5479cce19daed5bc7,census2010_population_atomic_acs5_2010_geography_v1,32369.0,0.0,data/processed/poc016/fixed_precinct_population_products_v1.parquet,7fb71ee710f2b6c3251e976cca5da1963fb96d05274088359b10e64ade8d3467,data/processed/poc016/senate_population_products_v1.parquet,03c29b4ab42eb48971fcdd6f3dbffad47a3ad8f72d032036bbbfd3f75b6647d2,acs5_2017__pa_senate_2012_revised_final,artifacts/poc016/qa_results.json,2010 Census population support predates the ACS period but may be stale; zero-support groups use typed simple-area fallback. Target MOEs use weighted-source RSS and omit covariance and allocation-weight uncertainty.
pa_general_2020__acs5_2018,executed_available_pairing,pa_general_2020,2020-11-03,general_election_day,pa_lrc_2021_release_1b_geography,pa_senate_2012_revised_final,acs5_2018,ACS 5-year detailed tables,2014-01-01,2018-12-31,2019-12-19,acs5_2018_block_group,artifacts/poc016/input_manifest.json,data/raw/acs5_all_pa/2018/,acs_population_2010_bg__2012_revised_final__v1,data/processed/poc016/crosswalks/acs_population_2010_bg__2012_revised_final__v1.parquet,8bd82ccdd5cd1c18d7245c14f38fbfba7c54d079150c82e5479cce19daed5bc7,census2010_population_atomic_acs5_2010_geography_v1,32369.0,0.0,data/processed/poc016/fixed_precinct_population_products_v1.parquet,7fb71ee710f2b6c3251e976cca5da1963fb96d05274088359b10e64ade8d3467,data/processed/poc016/senate_population_products_v1.parquet,03c29b4ab42eb48971fcdd6f3dbffad47a3ad8f72d032036bbbfd3f75b6647d2,acs5_2018__pa_senate_2012_revised_final,artifacts/poc016/qa_results.json,2010 Census population support predates the ACS period but may be stale; zero-support groups use typed simple-area fallback. Target MOEs use weighted-source RSS and omit covariance and allocation-weight uncertainty.
pa_general_2020__dec_1990,executed_available_pairing,pa_general_2020,2020-11-03,general_election_day,pa_lrc_2021_release_1b_geography,pa_senate_2012_revised_final,dec_1990,1990 Census STF 1B POP100,1990-04-01,1990-04-01,1991,census_block,artifacts/poc013/input_manifest.json,dec_1990,dec_1990__2012_revised_final__v1,data/processed/poc016/crosswalks/dec_1990__2012_revised_final__v1.parquet,c867ed487b1270d93d07a3f99ca37933272af845a8420e7e90a48caedcbffbe4,relationship_tiger_face_area_1990_v1,510566.0,0.0,data/processed/poc016/fixed_precinct_population_products_v1.parquet,7fb71ee710f2b6c3251e976cca5da1963fb96d05274088359b10e64ade8d3467,data/processed/poc016/senate_population_products_v1.parquet,03c29b4ab42eb48971fcdd6f3dbffad47a3ad8f72d032036bbbfd3f75b6647d2,dec_1990__pa_senate_2012_revised_final,artifacts/poc016/qa_results.json,Geometry-only same-topology TIGER face area allocation; official relationship files contain pairs but no weights.
pa_general_2020__dec_2000,executed_available_pairing,pa_general_2020,2020-11-03,general_election_day,pa_lrc_2021_release_1b_geography,pa_senate_2012_revised_final,dec_2000,Census 2000 PL 94-171,2000-04-01,2000-04-01,2001-03-09,census_block,artifacts/poc012/input_manifest.json,dec_2000,dec_2000__2012_revised_final__v1,data/processed/poc016/crosswalks/dec_2000__2012_revised_final__v1.parquet,e5131192a7933e85392c08dc17bcd4b7c80ef5f0619282c3c4e93b689fe364dd,relationship_atomic_area_2000_v1,524217.0,0.0,data/processed/poc016/fixed_precinct_population_products_v1.parquet,7fb71ee710f2b6c3251e976cca5da1963fb96d05274088359b10e64ade8d3467,data/processed/poc016/senate_population_products_v1.parquet,03c29b4ab42eb48971fcdd6f3dbffad47a3ad8f72d032036bbbfd3f75b6647d2,dec_2000__pa_senate_2012_revised_final,artifacts/poc016/qa_results.json,Geometry-only relationship/atomic-area allocation; area is not observed within-block population.
pa_general_2020__dec_2010,executed_available_pairing,pa_general_2020,2020-11-03,general_election_day,pa_lrc_2021_release_1b_geography,pa_senate_2012_revised_final,dec_2010,2010 Census PL 94-171,2010-04-01,2010-04-01,2011-03-09,census_block,artifacts/poc011/input_manifest.json,dec_2010,dec_2010__2012_revised_final__v1,data/processed/poc016/crosswalks/dec_2010__2012_revised_final__v1.parquet,addedb4491a9f08a145b95050ff0ccff96cd891ccfac953992b03b8d4d6013d6,relationship_atomic_area_2010_v1,468928.0,0.0,data/processed/poc016/fixed_precinct_population_products_v1.parquet,7fb71ee710f2b6c3251e976cca5da1963fb96d05274088359b10e64ade8d3467,data/processed/poc016/senate_population_products_v1.parquet,03c29b4ab42eb48971fcdd6f3dbffad47a3ad8f72d032036bbbfd3f75b6647d2,dec_2010__pa_senate_2012_revised_final,artifacts/poc016/qa_results.json,Geometry-only relationship/atomic-area allocation; area is not observed within-block population.
pa_general_2022__acs5_2009,executed_available_pairing,pa_general_2022,2022-11-08,general_election_day,pa_lrc_2021_release_1b_geography,pa_senate_2021_final,acs5_2009,ACS 5-year detailed tables,2005-01-01,2009-12-31,2010-12-14,acs5_2009_block_group,artifacts/poc016/input_manifest.json,data/raw/acs5_all_pa/2009/,acs_simple_2009__2021_final__v1,data/processed/poc016/crosswalks/acs_simple_2009__2021_final__v1.parquet,9f699f3fdb4860b319b14a1406f1999f43b049e78f698a5350befad02e23b186,simple_atomic_area_acs5_2009_v1,53643.0,0.0,data/processed/poc016/fixed_precinct_population_products_v1.parquet,7fb71ee710f2b6c3251e976cca5da1963fb96d05274088359b10e64ade8d3467,data/processed/poc016/senate_population_products_v1.parquet,03c29b4ab42eb48971fcdd6f3dbffad47a3ad8f72d032036bbbfd3f75b6647d2,acs5_2009__pa_senate_2021_final,artifacts/poc016/qa_results.json,Simple EPSG:5070 block-group/atomic area allocation; area is a weak population support model. Target MOEs use weighted-source RSS and omit covariance and allocation-weight uncertainty.
pa_general_2022__acs5_2010,executed_available_pairing,pa_general_2022,2022-11-08,general_election_day,pa_lrc_2021_release_1b_geography,pa_senate_2021_final,acs5_2010,ACS 5-year detailed tables,2006-01-01,2010-12-31,2011-12-08,acs5_2010_block_group,artifacts/poc016/input_manifest.json,data/raw/acs5_all_pa/2010/,acs_simple_2010__2021_final__v1,data/processed/poc016/crosswalks/acs_simple_2010__2021_final__v1.parquet,38f67e75280a6569608775f0f7fed0a5ea40a41ceb3514c5191650246d5e6c53,simple_atomic_area_acs5_2010_v1,51382.0,0.0,data/processed/poc016/fixed_precinct_population_products_v1.parquet,7fb71ee710f2b6c3251e976cca5da1963fb96d05274088359b10e64ade8d3467,data/processed/poc016/senate_population_products_v1.parquet,03c29b4ab42eb48971fcdd6f3dbffad47a3ad8f72d032036bbbfd3f75b6647d2,acs5_2010__pa_senate_2021_final,artifacts/poc016/qa_results.json,Simple EPSG:5070 block-group/atomic area allocation; area is a weak population support model. Target MOEs use weighted-source RSS and omit covariance and allocation-weight uncertainty.
pa_general_2022__acs5_2011,executed_available_pairing,pa_general_2022,2022-11-08,general_election_day,pa_lrc_2021_release_1b_geography,pa_senate_2021_final,acs5_2011,ACS 5-year detailed tables,2007-01-01,2011-12-31,2012-12-06,acs5_2011_block_group,artifacts/poc016/input_manifest.json,data/raw/acs5_all_pa/2011/,acs_population_2010_bg__2021_final__v1,data/processed/poc016/crosswalks/acs_population_2010_bg__2021_final__v1.parquet,01a0418c52a90ae806cb0bc34829d21366a55d9ce7be72b840dcf0fe4fb0f21d,census2010_population_atomic_acs5_2010_geography_v1,28303.0,0.0,data/processed/poc016/fixed_precinct_population_products_v1.parquet,7fb71ee710f2b6c3251e976cca5da1963fb96d05274088359b10e64ade8d3467,data/processed/poc016/senate_population_products_v1.parquet,03c29b4ab42eb48971fcdd6f3dbffad47a3ad8f72d032036bbbfd3f75b6647d2,acs5_2011__pa_senate_2021_final,artifacts/poc016/qa_results.json,2010 Census population support predates the ACS period but may be stale; zero-support groups use typed simple-area fallback. Target MOEs use weighted-source RSS and omit covariance and allocation-weight uncertainty.
pa_general_2022__acs5_2012,executed_available_pairing,pa_general_2022,2022-11-08,general_election_day,pa_lrc_2021_release_1b_geography,pa_senate_2021_final,acs5_2012,ACS 5-year detailed tables,2008-01-01,2012-12-31,2013-12-17,acs5_2012_block_group,artifacts/poc016/input_manifest.json,data/raw/acs5_all_pa/2012/,acs_population_2010_bg__2021_final__v1,data/processed/poc016/crosswalks/acs_population_2010_bg__2021_final__v1.parquet,01a0418c52a90ae806cb0bc34829d21366a55d9ce7be72b840dcf0fe4fb0f21d,census2010_population_atomic_acs5_2010_geography_v1,28303.0,0.0,data/processed/poc016/fixed_precinct_population_products_v1.parquet,7fb71ee710f2b6c3251e976cca5da1963fb96d05274088359b10e64ade8d3467,data/processed/poc016/senate_population_products_v1.parquet,03c29b4ab42eb48971fcdd6f3dbffad47a3ad8f72d032036bbbfd3f75b6647d2,acs5_2012__pa_senate_2021_final,artifacts/poc016/qa_results.json,2010 Census population support predates the ACS period but may be stale; zero-support groups use typed simple-area fallback. Target MOEs use weighted-source RSS and omit covariance and allocation-weight uncertainty.
pa_general_2022__acs5_2013,executed_available_pairing,pa_general_2022,2022-11-08,general_election_day,pa_lrc_2021_release_1b_geography,pa_senate_2021_final,acs5_2013,ACS 5-year detailed tables,2009-01-01,2013-12-31,2014-12-04,acs5_2013_block_group,artifacts/poc016/input_manifest.json,data/raw/acs5_all_pa/2013/,acs_population_2010_bg__2021_final__v1,data/processed/poc016/crosswalks/acs_population_2010_bg__2021_final__v1.parquet,01a0418c52a90ae806cb0bc34829d21366a55d9ce7be72b840dcf0fe4fb0f21d,census2010_population_atomic_acs5_2010_geography_v1,28303.0,0.0,data/processed/poc016/fixed_precinct_population_products_v1.parquet,7fb71ee710f2b6c3251e976cca5da1963fb96d05274088359b10e64ade8d3467,data/processed/poc016/senate_population_products_v1.parquet,03c29b4ab42eb48971fcdd6f3dbffad47a3ad8f72d032036bbbfd3f75b6647d2,acs5_2013__pa_senate_2021_final,artifacts/poc016/qa_results.json,2010 Census population support predates the ACS period but may be stale; zero-support groups use typed simple-area fallback. Target MOEs use weighted-source RSS and omit covariance and allocation-weight uncertainty.
pa_general_2022__acs5_2014,executed_available_pairing,pa_general_2022,2022-11-08,general_election_day,pa_lrc_2021_release_1b_geography,pa_senate_2021_final,acs5_2014,ACS 5-year detailed tables,2010-01-01,2014-12-31,2015-12-03,acs5_2014_block_group,artifacts/poc016/input_manifest.json,data/raw/acs5_all_pa/2014/,acs_population_2010_bg__2021_final__v1,data/processed/poc016/crosswalks/acs_population_2010_bg__2021_final__v1.parquet,01a0418c52a90ae806cb0bc34829d21366a55d9ce7be72b840dcf0fe4fb0f21d,census2010_population_atomic_acs5_2010_geography_v1,28303.0,0.0,data/processed/poc016/fixed_precinct_population_products_v1.parquet,7fb71ee710f2b6c3251e976cca5da1963fb96d05274088359b10e64ade8d3467,data/processed/poc016/senate_population_products_v1.parquet,03c29b4ab42eb48971fcdd6f3dbffad47a3ad8f72d032036bbbfd3f75b6647d2,acs5_2014__pa_senate_2021_final,artifacts/poc016/qa_results.json,2010 Census population support predates the ACS period but may be stale; zero-support groups use typed simple-area fallback. Target MOEs use weighted-source RSS and omit covariance and allocation-weight uncertainty.
pa_general_2022__acs5_2015,executed_available_pairing,pa_general_2022,2022-11-08,general_election_day,pa_lrc_2021_release_1b_geography,pa_senate_2021_final,acs5_2015,ACS 5-year detailed tables,2011-01-01,2015-12-31,2016-12-08,acs5_2015_block_group,artifacts/poc016/input_manifest.json,data/raw/acs5_all_pa/2015/,acs_population_2010_bg__2021_final__v1,data/processed/poc016/crosswalks/acs_population_2010_bg__2021_final__v1.parquet,01a0418c52a90ae806cb0bc34829d21366a55d9ce7be72b840dcf0fe4fb0f21d,census2010_population_atomic_acs5_2010_geography_v1,28303.0,0.0,data/processed/poc016/fixed_precinct_population_products_v1.parquet,7fb71ee710f2b6c3251e976cca5da1963fb96d05274088359b10e64ade8d3467,data/processed/poc016/senate_population_products_v1.parquet,03c29b4ab42eb48971fcdd6f3dbffad47a3ad8f72d032036bbbfd3f75b6647d2,acs5_2015__pa_senate_2021_final,artifacts/poc016/qa_results.json,2010 Census population support predates the ACS period but may be stale; zero-support groups use typed simple-area fallback. Target MOEs use weighted-source RSS and omit covariance and allocation-weight uncertainty.
pa_general_2022__acs5_2016,executed_available_pairing,pa_general_2022,2022-11-08,general_election_day,pa_lrc_2021_release_1b_geography,pa_senate_2021_final,acs5_2016,ACS 5-year detailed tables,2012-01-01,2016-12-31,2017-12-07,acs5_2016_block_group,artifacts/poc016/input_manifest.json,data/raw/acs5_all_pa/2016/,acs_population_2010_bg__2021_final__v1,data/processed/poc016/crosswalks/acs_population_2010_bg__2021_final__v1.parquet,01a0418c52a90ae806cb0bc34829d21366a55d9ce7be72b840dcf0fe4fb0f21d,census2010_population_atomic_acs5_2010_geography_v1,28303.0,0.0,data/processed/poc016/fixed_precinct_population_products_v1.parquet,7fb71ee710f2b6c3251e976cca5da1963fb96d05274088359b10e64ade8d3467,data/processed/poc016/senate_population_products_v1.parquet,03c29b4ab42eb48971fcdd6f3dbffad47a3ad8f72d032036bbbfd3f75b6647d2,acs5_2016__pa_senate_2021_final,artifacts/poc016/qa_results.json,2010 Census population support predates the ACS period but may be stale; zero-support groups use typed simple-area fallback. Target MOEs use weighted-source RSS and omit covariance and allocation-weight uncertainty.
pa_general_2022__acs5_2017,executed_available_pairing,pa_general_2022,2022-11-08,general_election_day,pa_lrc_2021_release_1b_geography,pa_senate_2021_final,acs5_2017,ACS 5-year detailed tables,2013-01-01,2017-12-31,2018-12-06,acs5_2017_block_group,artifacts/poc016/input_manifest.json,data/raw/acs5_all_pa/2017/,acs_population_2010_bg__2021_final__v1,data/processed/poc016/crosswalks/acs_population_2010_bg__2021_final__v1.parquet,01a0418c52a90ae806cb0bc34829d21366a55d9ce7be72b840dcf0fe4fb0f21d,census2010_population_atomic_acs5_2010_geography_v1,28303.0,0.0,data/processed/poc016/fixed_precinct_population_products_v1.parquet,7fb71ee710f2b6c3251e976cca5da1963fb96d05274088359b10e64ade8d3467,data/processed/poc016/senate_population_products_v1.parquet,03c29b4ab42eb48971fcdd6f3dbffad47a3ad8f72d032036bbbfd3f75b6647d2,acs5_2017__pa_senate_2021_final,artifacts/poc016/qa_results.json,2010 Census population support predates the ACS period but may be stale; zero-support groups use typed simple-area fallback. Target MOEs use weighted-source RSS and omit covariance and allocation-weight uncertainty.
pa_general_2022__acs5_2018,executed_available_pairing,pa_general_2022,2022-11-08,general_election_day,pa_lrc_2021_release_1b_geography,pa_senate_2021_final,acs5_2018,ACS 5-year detailed tables,2014-01-01,2018-12-31,2019-12-19,acs5_2018_block_group,artifacts/poc016/input_manifest.json,data/raw/acs5_all_pa/2018/,acs_population_2010_bg__2021_final__v1,data/processed/poc016/crosswalks/acs_population_2010_bg__2021_final__v1.parquet,01a0418c52a90ae806cb0bc34829d21366a55d9ce7be72b840dcf0fe4fb0f21d,census2010_population_atomic_acs5_2010_geography_v1,28303.0,0.0,data/processed/poc016/fixed_precinct_population_products_v1.parquet,7fb71ee710f2b6c3251e976cca5da1963fb96d05274088359b10e64ade8d3467,data/processed/poc016/senate_population_products_v1.parquet,03c29b4ab42eb48971fcdd6f3dbffad47a3ad8f72d032036bbbfd3f75b6647d2,acs5_2018__pa_senate_2021_final,artifacts/poc016/qa_results.json,2010 Census population support predates the ACS period but may be stale; zero-support groups use typed simple-area fallback. Target MOEs use weighted-source RSS and omit covariance and allocation-weight uncertainty.
pa_general_2022__acs5_2019,executed_available_pairing,pa_general_2022,2022-11-08,general_election_day,pa_lrc_2021_release_1b_geography,pa_senate_2021_final,acs5_2019,ACS 5-year detailed tables,2015-01-01,2019-12-31,2020-12-10,acs5_2019_block_group,artifacts/poc016/input_manifest.json,data/raw/acs5_all_pa/2019/,acs_population_2010_bg__2021_final__v1,data/processed/poc016/crosswalks/acs_population_2010_bg__2021_final__v1.parquet,01a0418c52a90ae806cb0bc34829d21366a55d9ce7be72b840dcf0fe4fb0f21d,census2010_population_atomic_acs5_2010_geography_v1,28303.0,0.0,data/processed/poc016/fixed_precinct_population_products_v1.parquet,7fb71ee710f2b6c3251e976cca5da1963fb96d05274088359b10e64ade8d3467,data/processed/poc016/senate_population_products_v1.parquet,03c29b4ab42eb48971fcdd6f3dbffad47a3ad8f72d032036bbbfd3f75b6647d2,acs5_2019__pa_senate_2021_final,artifacts/poc016/qa_results.json,2010 Census population support predates the ACS period but may be stale; zero-support groups use typed simple-area fallback. Target MOEs use weighted-source RSS and omit covariance and allocation-weight uncertainty.
pa_general_2022__acs5_2020,executed_available_pairing,pa_general_2022,2022-11-08,general_election_day,pa_lrc_2021_release_1b_geography,pa_senate_2021_final,acs5_2020,ACS 5-year detailed tables,2016-01-01,2020-12-31,2022-03-17,acs5_2020_block_group,artifacts/poc016/input_manifest.json,data/raw/acs5_all_pa/2020/,acs_population_2020_bg__2021_final__v1,data/processed/poc016/crosswalks/acs_population_2020_bg__2021_final__v1.parquet,8b5fb0a2be2b96b5afb2571175cb7af5ee97095383a60fd360fe63280d9219e7,census2010_population_atomic_acs5_2020_geography_v1,27101.0,0.0,data/processed/poc016/fixed_precinct_population_products_v1.parquet,7fb71ee710f2b6c3251e976cca5da1963fb96d05274088359b10e64ade8d3467,data/processed/poc016/senate_population_products_v1.parquet,03c29b4ab42eb48971fcdd6f3dbffad47a3ad8f72d032036bbbfd3f75b6647d2,acs5_2020__pa_senate_2021_final,artifacts/poc016/qa_results.json,2010 Census population support predates the ACS period but may be stale; zero-support groups use typed simple-area fallback. Target MOEs use weighted-source RSS and omit covariance and allocation-weight uncertainty.
pa_general_2022__dec_1990,executed_available_pairing,pa_general_2022,2022-11-08,general_election_day,pa_lrc_2021_release_1b_geography,pa_senate_2021_final,dec_1990,1990 Census STF 1B POP100,1990-04-01,1990-04-01,1991,census_block,artifacts/poc013/input_manifest.json,dec_1990,dec_1990__2021_final__v1,data/processed/poc016/crosswalks/dec_1990__2021_final__v1.parquet,440a2ba0cf391b19aae41fc5eb812bc035859fcd2af95973a6115d4ea7e0676d,relationship_tiger_face_area_1990_v1,498345.0,0.0,data/processed/poc016/fixed_precinct_population_products_v1.parquet,7fb71ee710f2b6c3251e976cca5da1963fb96d05274088359b10e64ade8d3467,data/processed/poc016/senate_population_products_v1.parquet,03c29b4ab42eb48971fcdd6f3dbffad47a3ad8f72d032036bbbfd3f75b6647d2,dec_1990__pa_senate_2021_final,artifacts/poc016/qa_results.json,Geometry-only same-topology TIGER face area allocation; official relationship files contain pairs but no weights.
pa_general_2022__dec_2000,executed_available_pairing,pa_general_2022,2022-11-08,general_election_day,pa_lrc_2021_release_1b_geography,pa_senate_2021_final,dec_2000,Census 2000 PL 94-171,2000-04-01,2000-04-01,2001-03-09,census_block,artifacts/poc012/input_manifest.json,dec_2000,dec_2000__2021_final__v1,data/processed/poc016/crosswalks/dec_2000__2021_final__v1.parquet,54ce83399b8e5a58f3031b62dc3f3574c7c396092f054b871098e8e2c8c324be,relationship_atomic_area_2000_v1,511542.0,0.0,data/processed/poc016/fixed_precinct_population_products_v1.parquet,7fb71ee710f2b6c3251e976cca5da1963fb96d05274088359b10e64ade8d3467,data/processed/poc016/senate_population_products_v1.parquet,03c29b4ab42eb48971fcdd6f3dbffad47a3ad8f72d032036bbbfd3f75b6647d2,dec_2000__pa_senate_2021_final,artifacts/poc016/qa_results.json,Geometry-only relationship/atomic-area allocation; area is not observed within-block population.
pa_general_2022__dec_2010,executed_available_pairing,pa_general_2022,2022-11-08,general_election_day,pa_lrc_2021_release_1b_geography,pa_senate_2021_final,dec_2010,2010 Census PL 94-171,2010-04-01,2010-04-01,2011-03-09,census_block,artifacts/poc011/input_manifest.json,dec_2010,dec_2010__2021_final__v1,data/processed/poc016/crosswalks/dec_2010__2021_final__v1.parquet,0d66c311d6d738cfa77e8344fd3757a9c5b6437b17109e29b71dce7d0164b22f,relationship_atomic_area_2010_v1,451952.0,0.0,data/processed/poc016/fixed_precinct_population_products_v1.parquet,7fb71ee710f2b6c3251e976cca5da1963fb96d05274088359b10e64ade8d3467,data/processed/poc016/senate_population_products_v1.parquet,03c29b4ab42eb48971fcdd6f3dbffad47a3ad8f72d032036bbbfd3f75b6647d2,dec_2010__pa_senate_2021_final,artifacts/poc016/qa_results.json,Geometry-only relationship/atomic-area allocation; area is not observed within-block population.
pa_general_2022__dec_2020,executed_available_pairing,pa_general_2022,2022-11-08,general_election_day,pa_lrc_2021_release_1b_geography,pa_senate_2021_final,dec_2020,2020 Census PL 94-171,2020-04-01,2020-04-01,2021-08-12,census_block,artifacts/poc010/input_manifest.json,dec_2020,block_to_fixed_precinct_lrc_published_split_v1,data/processed/statewide_2020/block_to_fixed_precinct_lrc_published_split_v1.parquet,7ce2b5360609767337f5066d5dd042486a2083b54b45067d8b9edfeb6f36ae7a,lrc_published_split_v1,337039.0,0.0,data/processed/poc016/fixed_precinct_population_products_v1.parquet,7fb71ee710f2b6c3251e976cca5da1963fb96d05274088359b10e64ade8d3467,data/processed/poc016/senate_population_products_v1.parquet,03c29b4ab42eb48971fcdd6f3dbffad47a3ad8f72d032036bbbfd3f75b6647d2,dec_2020__pa_senate_2021_final,artifacts/poc016/qa_results.json,Published LRC corrected-fragment population assignment on the fixed target.
pa_general_2024__acs5_2009,executed_available_pairing,pa_general_2024,2024-11-05,general_election_day,pa_lrc_2021_release_1b_geography,pa_senate_2021_final,acs5_2009,ACS 5-year detailed tables,2005-01-01,2009-12-31,2010-12-14,acs5_2009_block_group,artifacts/poc016/input_manifest.json,data/raw/acs5_all_pa/2009/,acs_simple_2009__2021_final__v1,data/processed/poc016/crosswalks/acs_simple_2009__2021_final__v1.parquet,9f699f3fdb4860b319b14a1406f1999f43b049e78f698a5350befad02e23b186,simple_atomic_area_acs5_2009_v1,53643.0,0.0,data/processed/poc016/fixed_precinct_population_products_v1.parquet,7fb71ee710f2b6c3251e976cca5da1963fb96d05274088359b10e64ade8d3467,data/processed/poc016/senate_population_products_v1.parquet,03c29b4ab42eb48971fcdd6f3dbffad47a3ad8f72d032036bbbfd3f75b6647d2,acs5_2009__pa_senate_2021_final,artifacts/poc016/qa_results.json,Simple EPSG:5070 block-group/atomic area allocation; area is a weak population support model. Target MOEs use weighted-source RSS and omit covariance and allocation-weight uncertainty.
pa_general_2024__acs5_2010,executed_available_pairing,pa_general_2024,2024-11-05,general_election_day,pa_lrc_2021_release_1b_geography,pa_senate_2021_final,acs5_2010,ACS 5-year detailed tables,2006-01-01,2010-12-31,2011-12-08,acs5_2010_block_group,artifacts/poc016/input_manifest.json,data/raw/acs5_all_pa/2010/,acs_simple_2010__2021_final__v1,data/processed/poc016/crosswalks/acs_simple_2010__2021_final__v1.parquet,38f67e75280a6569608775f0f7fed0a5ea40a41ceb3514c5191650246d5e6c53,simple_atomic_area_acs5_2010_v1,51382.0,0.0,data/processed/poc016/fixed_precinct_population_products_v1.parquet,7fb71ee710f2b6c3251e976cca5da1963fb96d05274088359b10e64ade8d3467,data/processed/poc016/senate_population_products_v1.parquet,03c29b4ab42eb48971fcdd6f3dbffad47a3ad8f72d032036bbbfd3f75b6647d2,acs5_2010__pa_senate_2021_final,artifacts/poc016/qa_results.json,Simple EPSG:5070 block-group/atomic area allocation; area is a weak population support model. Target MOEs use weighted-source RSS and omit covariance and allocation-weight uncertainty.
pa_general_2024__acs5_2011,executed_available_pairing,pa_general_2024,2024-11-05,general_election_day,pa_lrc_2021_release_1b_geography,pa_senate_2021_final,acs5_2011,ACS 5-year detailed tables,2007-01-01,2011-12-31,2012-12-06,acs5_2011_block_group,artifacts/poc016/input_manifest.json,data/raw/acs5_all_pa/2011/,acs_population_2010_bg__2021_final__v1,data/processed/poc016/crosswalks/acs_population_2010_bg__2021_final__v1.parquet,01a0418c52a90ae806cb0bc34829d21366a55d9ce7be72b840dcf0fe4fb0f21d,census2010_population_atomic_acs5_2010_geography_v1,28303.0,0.0,data/processed/poc016/fixed_precinct_population_products_v1.parquet,7fb71ee710f2b6c3251e976cca5da1963fb96d05274088359b10e64ade8d3467,data/processed/poc016/senate_population_products_v1.parquet,03c29b4ab42eb48971fcdd6f3dbffad47a3ad8f72d032036bbbfd3f75b6647d2,acs5_2011__pa_senate_2021_final,artifacts/poc016/qa_results.json,2010 Census population support predates the ACS period but may be stale; zero-support groups use typed simple-area fallback. Target MOEs use weighted-source RSS and omit covariance and allocation-weight uncertainty.
pa_general_2024__acs5_2012,executed_available_pairing,pa_general_2024,2024-11-05,general_election_day,pa_lrc_2021_release_1b_geography,pa_senate_2021_final,acs5_2012,ACS 5-year detailed tables,2008-01-01,2012-12-31,2013-12-17,acs5_2012_block_group,artifacts/poc016/input_manifest.json,data/raw/acs5_all_pa/2012/,acs_population_2010_bg__2021_final__v1,data/processed/poc016/crosswalks/acs_population_2010_bg__2021_final__v1.parquet,01a0418c52a90ae806cb0bc34829d21366a55d9ce7be72b840dcf0fe4fb0f21d,census2010_population_atomic_acs5_2010_geography_v1,28303.0,0.0,data/processed/poc016/fixed_precinct_population_products_v1.parquet,7fb71ee710f2b6c3251e976cca5da1963fb96d05274088359b10e64ade8d3467,data/processed/poc016/senate_population_products_v1.parquet,03c29b4ab42eb48971fcdd6f3dbffad47a3ad8f72d032036bbbfd3f75b6647d2,acs5_2012__pa_senate_2021_final,artifacts/poc016/qa_results.json,2010 Census population support predates the ACS period but may be stale; zero-support groups use typed simple-area fallback. Target MOEs use weighted-source RSS and omit covariance and allocation-weight uncertainty.
pa_general_2024__acs5_2013,executed_available_pairing,pa_general_2024,2024-11-05,general_election_day,pa_lrc_2021_release_1b_geography,pa_senate_2021_final,acs5_2013,ACS 5-year detailed tables,2009-01-01,2013-12-31,2014-12-04,acs5_2013_block_group,artifacts/poc016/input_manifest.json,data/raw/acs5_all_pa/2013/,acs_population_2010_bg__2021_final__v1,data/processed/poc016/crosswalks/acs_population_2010_bg__2021_final__v1.parquet,01a0418c52a90ae806cb0bc34829d21366a55d9ce7be72b840dcf0fe4fb0f21d,census2010_population_atomic_acs5_2010_geography_v1,28303.0,0.0,data/processed/poc016/fixed_precinct_population_products_v1.parquet,7fb71ee710f2b6c3251e976cca5da1963fb96d05274088359b10e64ade8d3467,data/processed/poc016/senate_population_products_v1.parquet,03c29b4ab42eb48971fcdd6f3dbffad47a3ad8f72d032036bbbfd3f75b6647d2,acs5_2013__pa_senate_2021_final,artifacts/poc016/qa_results.json,2010 Census population support predates the ACS period but may be stale; zero-support groups use typed simple-area fallback. Target MOEs use weighted-source RSS and omit covariance and allocation-weight uncertainty.
pa_general_2024__acs5_2014,executed_available_pairing,pa_general_2024,2024-11-05,general_election_day,pa_lrc_2021_release_1b_geography,pa_senate_2021_final,acs5_2014,ACS 5-year detailed tables,2010-01-01,2014-12-31,2015-12-03,acs5_2014_block_group,artifacts/poc016/input_manifest.json,data/raw/acs5_all_pa/2014/,acs_population_2010_bg__2021_final__v1,data/processed/poc016/crosswalks/acs_population_2010_bg__2021_final__v1.parquet,01a0418c52a90ae806cb0bc34829d21366a55d9ce7be72b840dcf0fe4fb0f21d,census2010_population_atomic_acs5_2010_geography_v1,28303.0,0.0,data/processed/poc016/fixed_precinct_population_products_v1.parquet,7fb71ee710f2b6c3251e976cca5da1963fb96d05274088359b10e64ade8d3467,data/processed/poc016/senate_population_products_v1.parquet,03c29b4ab42eb48971fcdd6f3dbffad47a3ad8f72d032036bbbfd3f75b6647d2,acs5_2014__pa_senate_2021_final,artifacts/poc016/qa_results.json,2010 Census population support predates the ACS period but may be stale; zero-support groups use typed simple-area fallback. Target MOEs use weighted-source RSS and omit covariance and allocation-weight uncertainty.
pa_general_2024__acs5_2015,executed_available_pairing,pa_general_2024,2024-11-05,general_election_day,pa_lrc_2021_release_1b_geography,pa_senate_2021_final,acs5_2015,ACS 5-year detailed tables,2011-01-01,2015-12-31,2016-12-08,acs5_2015_block_group,artifacts/poc016/input_manifest.json,data/raw/acs5_all_pa/2015/,acs_population_2010_bg__2021_final__v1,data/processed/poc016/crosswalks/acs_population_2010_bg__2021_final__v1.parquet,01a0418c52a90ae806cb0bc34829d21366a55d9ce7be72b840dcf0fe4fb0f21d,census2010_population_atomic_acs5_2010_geography_v1,28303.0,0.0,data/processed/poc016/fixed_precinct_population_products_v1.parquet,7fb71ee710f2b6c3251e976cca5da1963fb96d05274088359b10e64ade8d3467,data/processed/poc016/senate_population_products_v1.parquet,03c29b4ab42eb48971fcdd6f3dbffad47a3ad8f72d032036bbbfd3f75b6647d2,acs5_2015__pa_senate_2021_final,artifacts/poc016/qa_results.json,2010 Census population support predates the ACS period but may be stale; zero-support groups use typed simple-area fallback. Target MOEs use weighted-source RSS and omit covariance and allocation-weight uncertainty.
pa_general_2024__acs5_2016,executed_available_pairing,pa_general_2024,2024-11-05,general_election_day,pa_lrc_2021_release_1b_geography,pa_senate_2021_final,acs5_2016,ACS 5-year detailed tables,2012-01-01,2016-12-31,2017-12-07,acs5_2016_block_group,artifacts/poc016/input_manifest.json,data/raw/acs5_all_pa/2016/,acs_population_2010_bg__2021_final__v1,data/processed/poc016/crosswalks/acs_population_2010_bg__2021_final__v1.parquet,01a0418c52a90ae806cb0bc34829d21366a55d9ce7be72b840dcf0fe4fb0f21d,census2010_population_atomic_acs5_2010_geography_v1,28303.0,0.0,data/processed/poc016/fixed_precinct_population_products_v1.parquet,7fb71ee710f2b6c3251e976cca5da1963fb96d05274088359b10e64ade8d3467,data/processed/poc016/senate_population_products_v1.parquet,03c29b4ab42eb48971fcdd6f3dbffad47a3ad8f72d032036bbbfd3f75b6647d2,acs5_2016__pa_senate_2021_final,artifacts/poc016/qa_results.json,2010 Census population support predates the ACS period but may be stale; zero-support groups use typed simple-area fallback. Target MOEs use weighted-source RSS and omit covariance and allocation-weight uncertainty.
pa_general_2024__acs5_2017,executed_available_pairing,pa_general_2024,2024-11-05,general_election_day,pa_lrc_2021_release_1b_geography,pa_senate_2021_final,acs5_2017,ACS 5-year detailed tables,2013-01-01,2017-12-31,2018-12-06,acs5_2017_block_group,artifacts/poc016/input_manifest.json,data/raw/acs5_all_pa/2017/,acs_population_2010_bg__2021_final__v1,data/processed/poc016/crosswalks/acs_population_2010_bg__2021_final__v1.parquet,01a0418c52a90ae806cb0bc34829d21366a55d9ce7be72b840dcf0fe4fb0f21d,census2010_population_atomic_acs5_2010_geography_v1,28303.0,0.0,data/processed/poc016/fixed_precinct_population_products_v1.parquet,7fb71ee710f2b6c3251e976cca5da1963fb96d05274088359b10e64ade8d3467,data/processed/poc016/senate_population_products_v1.parquet,03c29b4ab42eb48971fcdd6f3dbffad47a3ad8f72d032036bbbfd3f75b6647d2,acs5_2017__pa_senate_2021_final,artifacts/poc016/qa_results.json,2010 Census population support predates the ACS period but may be stale; zero-support groups use typed simple-area fallback. Target MOEs use weighted-source RSS and omit covariance and allocation-weight uncertainty.
pa_general_2024__acs5_2018,executed_available_pairing,pa_general_2024,2024-11-05,general_election_day,pa_lrc_2021_release_1b_geography,pa_senate_2021_final,acs5_2018,ACS 5-year detailed tables,2014-01-01,2018-12-31,2019-12-19,acs5_2018_block_group,artifacts/poc016/input_manifest.json,data/raw/acs5_all_pa/2018/,acs_population_2010_bg__2021_final__v1,data/processed/poc016/crosswalks/acs_population_2010_bg__2021_final__v1.parquet,01a0418c52a90ae806cb0bc34829d21366a55d9ce7be72b840dcf0fe4fb0f21d,census2010_population_atomic_acs5_2010_geography_v1,28303.0,0.0,data/processed/poc016/fixed_precinct_population_products_v1.parquet,7fb71ee710f2b6c3251e976cca5da1963fb96d05274088359b10e64ade8d3467,data/processed/poc016/senate_population_products_v1.parquet,03c29b4ab42eb48971fcdd6f3dbffad47a3ad8f72d032036bbbfd3f75b6647d2,acs5_2018__pa_senate_2021_final,artifacts/poc016/qa_results.json,2010 Census population support predates the ACS period but may be stale; zero-support groups use typed simple-area fallback. Target MOEs use weighted-source RSS and omit covariance and allocation-weight uncertainty.
pa_general_2024__acs5_2019,executed_available_pairing,pa_general_2024,2024-11-05,general_election_day,pa_lrc_2021_release_1b_geography,pa_senate_2021_final,acs5_2019,ACS 5-year detailed tables,2015-01-01,2019-12-31,2020-12-10,acs5_2019_block_group,artifacts/poc016/input_manifest.json,data/raw/acs5_all_pa/2019/,acs_population_2010_bg__2021_final__v1,data/processed/poc016/crosswalks/acs_population_2010_bg__2021_final__v1.parquet,01a0418c52a90ae806cb0bc34829d21366a55d9ce7be72b840dcf0fe4fb0f21d,census2010_population_atomic_acs5_2010_geography_v1,28303.0,0.0,data/processed/poc016/fixed_precinct_population_products_v1.parquet,7fb71ee710f2b6c3251e976cca5da1963fb96d05274088359b10e64ade8d3467,data/processed/poc016/senate_population_products_v1.parquet,03c29b4ab42eb48971fcdd6f3dbffad47a3ad8f72d032036bbbfd3f75b6647d2,acs5_2019__pa_senate_2021_final,artifacts/poc016/qa_results.json,2010 Census population support predates the ACS period but may be stale; zero-support groups use typed simple-area fallback. Target MOEs use weighted-source RSS and omit covariance and allocation-weight uncertainty.
pa_general_2024__acs5_2020,executed_available_pairing,pa_general_2024,2024-11-05,general_election_day,pa_lrc_2021_release_1b_geography,pa_senate_2021_final,acs5_2020,ACS 5-year detailed tables,2016-01-01,2020-12-31,2022-03-17,acs5_2020_block_group,artifacts/poc016/input_manifest.json,data/raw/acs5_all_pa/2020/,acs_population_2020_bg__2021_final__v1,data/processed/poc016/crosswalks/acs_population_2020_bg__2021_final__v1.parquet,8b5fb0a2be2b96b5afb2571175cb7af5ee97095383a60fd360fe63280d9219e7,census2010_population_atomic_acs5_2020_geography_v1,27101.0,0.0,data/processed/poc016/fixed_precinct_population_products_v1.parquet,7fb71ee710f2b6c3251e976cca5da1963fb96d05274088359b10e64ade8d3467,data/processed/poc016/senate_population_products_v1.parquet,03c29b4ab42eb48971fcdd6f3dbffad47a3ad8f72d032036bbbfd3f75b6647d2,acs5_2020__pa_senate_2021_final,artifacts/poc016/qa_results.json,2010 Census population support predates the ACS period but may be stale; zero-support groups use typed simple-area fallback. Target MOEs use weighted-source RSS and omit covariance and allocation-weight uncertainty.
pa_general_2024__acs5_2021,executed_available_pairing,pa_general_2024,2024-11-05,general_election_day,pa_lrc_2021_release_1b_geography,pa_senate_2021_final,acs5_2021,ACS 5-year detailed tables,2017-01-01,2021-12-31,2022-12-08,acs5_2021_block_group,artifacts/poc016/input_manifest.json,data/raw/acs5_all_pa/2021/,acs_population_2020_bg__2021_final__v1,data/processed/poc016/crosswalks/acs_population_2020_bg__2021_final__v1.parquet,8b5fb0a2be2b96b5afb2571175cb7af5ee97095383a60fd360fe63280d9219e7,census2010_population_atomic_acs5_2020_geography_v1,27101.0,0.0,data/processed/poc016/fixed_precinct_population_products_v1.parquet,7fb71ee710f2b6c3251e976cca5da1963fb96d05274088359b10e64ade8d3467,data/processed/poc016/senate_population_products_v1.parquet,03c29b4ab42eb48971fcdd6f3dbffad47a3ad8f72d032036bbbfd3f75b6647d2,acs5_2021__pa_senate_2021_final,artifacts/poc016/qa_results.json,2010 Census population support predates the ACS period but may be stale; zero-support groups use typed simple-area fallback. Target MOEs use weighted-source RSS and omit covariance and allocation-weight uncertainty.
pa_general_2024__acs5_2022,executed_available_pairing,pa_general_2024,2024-11-05,general_election_day,pa_lrc_2021_release_1b_geography,pa_senate_2021_final,acs5_2022,ACS 5-year detailed tables,2018-01-01,2022-12-31,2023-12-07,acs5_2022_block_group,artifacts/poc016/input_manifest.json,data/raw/acs5_all_pa/2022/,acs_population_2020_bg__2021_final__v1,data/processed/poc016/crosswalks/acs_population_2020_bg__2021_final__v1.parquet,8b5fb0a2be2b96b5afb2571175cb7af5ee97095383a60fd360fe63280d9219e7,census2010_population_atomic_acs5_2020_geography_v1,27101.0,0.0,data/processed/poc016/fixed_precinct_population_products_v1.parquet,7fb71ee710f2b6c3251e976cca5da1963fb96d05274088359b10e64ade8d3467,data/processed/poc016/senate_population_products_v1.parquet,03c29b4ab42eb48971fcdd6f3dbffad47a3ad8f72d032036bbbfd3f75b6647d2,acs5_2022__pa_senate_2021_final,artifacts/poc016/qa_results.json,2010 Census population support predates the ACS period but may be stale; zero-support groups use typed simple-area fallback. Target MOEs use weighted-source RSS and omit covariance and allocation-weight uncertainty.
pa_general_2024__dec_1990,executed_available_pairing,pa_general_2024,2024-11-05,general_election_day,pa_lrc_2021_release_1b_geography,pa_senate_2021_final,dec_1990,1990 Census STF 1B POP100,1990-04-01,1990-04-01,1991,census_block,artifacts/poc013/input_manifest.json,dec_1990,dec_1990__2021_final__v1,data/processed/poc016/crosswalks/dec_1990__2021_final__v1.parquet,440a2ba0cf391b19aae41fc5eb812bc035859fcd2af95973a6115d4ea7e0676d,relationship_tiger_face_area_1990_v1,498345.0,0.0,data/processed/poc016/fixed_precinct_population_products_v1.parquet,7fb71ee710f2b6c3251e976cca5da1963fb96d05274088359b10e64ade8d3467,data/processed/poc016/senate_population_products_v1.parquet,03c29b4ab42eb48971fcdd6f3dbffad47a3ad8f72d032036bbbfd3f75b6647d2,dec_1990__pa_senate_2021_final,artifacts/poc016/qa_results.json,Geometry-only same-topology TIGER face area allocation; official relationship files contain pairs but no weights.
pa_general_2024__dec_2000,executed_available_pairing,pa_general_2024,2024-11-05,general_election_day,pa_lrc_2021_release_1b_geography,pa_senate_2021_final,dec_2000,Census 2000 PL 94-171,2000-04-01,2000-04-01,2001-03-09,census_block,artifacts/poc012/input_manifest.json,dec_2000,dec_2000__2021_final__v1,data/processed/poc016/crosswalks/dec_2000__2021_final__v1.parquet,54ce83399b8e5a58f3031b62dc3f3574c7c396092f054b871098e8e2c8c324be,relationship_atomic_area_2000_v1,511542.0,0.0,data/processed/poc016/fixed_precinct_population_products_v1.parquet,7fb71ee710f2b6c3251e976cca5da1963fb96d05274088359b10e64ade8d3467,data/processed/poc016/senate_population_products_v1.parquet,03c29b4ab42eb48971fcdd6f3dbffad47a3ad8f72d032036bbbfd3f75b6647d2,dec_2000__pa_senate_2021_final,artifacts/poc016/qa_results.json,Geometry-only relationship/atomic-area allocation; area is not observed within-block population.
pa_general_2024__dec_2010,executed_available_pairing,pa_general_2024,2024-11-05,general_election_day,pa_lrc_2021_release_1b_geography,pa_senate_2021_final,dec_2010,2010 Census PL 94-171,2010-04-01,2010-04-01,2011-03-09,census_block,artifacts/poc011/input_manifest.json,dec_2010,dec_2010__2021_final__v1,data/processed/poc016/crosswalks/dec_2010__2021_final__v1.parquet,0d66c311d6d738cfa77e8344fd3757a9c5b6437b17109e29b71dce7d0164b22f,relationship_atomic_area_2010_v1,451952.0,0.0,data/processed/poc016/fixed_precinct_population_products_v1.parquet,7fb71ee710f2b6c3251e976cca5da1963fb96d05274088359b10e64ade8d3467,data/processed/poc016/senate_population_products_v1.parquet,03c29b4ab42eb48971fcdd6f3dbffad47a3ad8f72d032036bbbfd3f75b6647d2,dec_2010__pa_senate_2021_final,artifacts/poc016/qa_results.json,Geometry-only relationship/atomic-area allocation; area is not observed within-block population.
pa_general_2024__dec_2020,executed_available_pairing,pa_general_2024,2024-11-05,general_election_day,pa_lrc_2021_release_1b_geography,pa_senate_2021_final,dec_2020,2020 Census PL 94-171,2020-04-01,2020-04-01,2021-08-12,census_block,artifacts/poc010/input_manifest.json,dec_2020,block_to_fixed_precinct_lrc_published_split_v1,data/processed/statewide_2020/block_to_fixed_precinct_lrc_published_split_v1.parquet,7ce2b5360609767337f5066d5dd042486a2083b54b45067d8b9edfeb6f36ae7a,lrc_published_split_v1,337039.0,0.0,data/processed/poc016/fixed_precinct_population_products_v1.parquet,7fb71ee710f2b6c3251e976cca5da1963fb96d05274088359b10e64ade8d3467,data/processed/poc016/senate_population_products_v1.parquet,03c29b4ab42eb48971fcdd6f3dbffad47a3ad8f72d032036bbbfd3f75b6647d2,dec_2020__pa_senate_2021_final,artifacts/poc016/qa_results.json,Published LRC corrected-fragment population assignment on the fixed target.
pa_general_2026__acs5_2009,executed_available_pairing,pa_general_2026,2026-11-03,general_election_day,pa_lrc_2021_release_1b_geography,pa_senate_2021_final,acs5_2009,ACS 5-year detailed tables,2005-01-01,2009-12-31,2010-12-14,acs5_2009_block_group,artifacts/poc016/input_manifest.json,data/raw/acs5_all_pa/2009/,acs_simple_2009__2021_final__v1,data/processed/poc016/crosswalks/acs_simple_2009__2021_final__v1.parquet,9f699f3fdb4860b319b14a1406f1999f43b049e78f698a5350befad02e23b186,simple_atomic_area_acs5_2009_v1,53643.0,0.0,data/processed/poc016/fixed_precinct_population_products_v1.parquet,7fb71ee710f2b6c3251e976cca5da1963fb96d05274088359b10e64ade8d3467,data/processed/poc016/senate_population_products_v1.parquet,03c29b4ab42eb48971fcdd6f3dbffad47a3ad8f72d032036bbbfd3f75b6647d2,acs5_2009__pa_senate_2021_final,artifacts/poc016/qa_results.json,Simple EPSG:5070 block-group/atomic area allocation; area is a weak population support model. Target MOEs use weighted-source RSS and omit covariance and allocation-weight uncertainty.
pa_general_2026__acs5_2010,executed_available_pairing,pa_general_2026,2026-11-03,general_election_day,pa_lrc_2021_release_1b_geography,pa_senate_2021_final,acs5_2010,ACS 5-year detailed tables,2006-01-01,2010-12-31,2011-12-08,acs5_2010_block_group,artifacts/poc016/input_manifest.json,data/raw/acs5_all_pa/2010/,acs_simple_2010__2021_final__v1,data/processed/poc016/crosswalks/acs_simple_2010__2021_final__v1.parquet,38f67e75280a6569608775f0f7fed0a5ea40a41ceb3514c5191650246d5e6c53,simple_atomic_area_acs5_2010_v1,51382.0,0.0,data/processed/poc016/fixed_precinct_population_products_v1.parquet,7fb71ee710f2b6c3251e976cca5da1963fb96d05274088359b10e64ade8d3467,data/processed/poc016/senate_population_products_v1.parquet,03c29b4ab42eb48971fcdd6f3dbffad47a3ad8f72d032036bbbfd3f75b6647d2,acs5_2010__pa_senate_2021_final,artifacts/poc016/qa_results.json,Simple EPSG:5070 block-group/atomic area allocation; area is a weak population support model. Target MOEs use weighted-source RSS and omit covariance and allocation-weight uncertainty.
pa_general_2026__acs5_2011,executed_available_pairing,pa_general_2026,2026-11-03,general_election_day,pa_lrc_2021_release_1b_geography,pa_senate_2021_final,acs5_2011,ACS 5-year detailed tables,2007-01-01,2011-12-31,2012-12-06,acs5_2011_block_group,artifacts/poc016/input_manifest.json,data/raw/acs5_all_pa/2011/,acs_population_2010_bg__2021_final__v1,data/processed/poc016/crosswalks/acs_population_2010_bg__2021_final__v1.parquet,01a0418c52a90ae806cb0bc34829d21366a55d9ce7be72b840dcf0fe4fb0f21d,census2010_population_atomic_acs5_2010_geography_v1,28303.0,0.0,data/processed/poc016/fixed_precinct_population_products_v1.parquet,7fb71ee710f2b6c3251e976cca5da1963fb96d05274088359b10e64ade8d3467,data/processed/poc016/senate_population_products_v1.parquet,03c29b4ab42eb48971fcdd6f3dbffad47a3ad8f72d032036bbbfd3f75b6647d2,acs5_2011__pa_senate_2021_final,artifacts/poc016/qa_results.json,2010 Census population support predates the ACS period but may be stale; zero-support groups use typed simple-area fallback. Target MOEs use weighted-source RSS and omit covariance and allocation-weight uncertainty.
pa_general_2026__acs5_2012,executed_available_pairing,pa_general_2026,2026-11-03,general_election_day,pa_lrc_2021_release_1b_geography,pa_senate_2021_final,acs5_2012,ACS 5-year detailed tables,2008-01-01,2012-12-31,2013-12-17,acs5_2012_block_group,artifacts/poc016/input_manifest.json,data/raw/acs5_all_pa/2012/,acs_population_2010_bg__2021_final__v1,data/processed/poc016/crosswalks/acs_population_2010_bg__2021_final__v1.parquet,01a0418c52a90ae806cb0bc34829d21366a55d9ce7be72b840dcf0fe4fb0f21d,census2010_population_atomic_acs5_2010_geography_v1,28303.0,0.0,data/processed/poc016/fixed_precinct_population_products_v1.parquet,7fb71ee710f2b6c3251e976cca5da1963fb96d05274088359b10e64ade8d3467,data/processed/poc016/senate_population_products_v1.parquet,03c29b4ab42eb48971fcdd6f3dbffad47a3ad8f72d032036bbbfd3f75b6647d2,acs5_2012__pa_senate_2021_final,artifacts/poc016/qa_results.json,2010 Census population support predates the ACS period but may be stale; zero-support groups use typed simple-area fallback. Target MOEs use weighted-source RSS and omit covariance and allocation-weight uncertainty.
pa_general_2026__acs5_2013,executed_available_pairing,pa_general_2026,2026-11-03,general_election_day,pa_lrc_2021_release_1b_geography,pa_senate_2021_final,acs5_2013,ACS 5-year detailed tables,2009-01-01,2013-12-31,2014-12-04,acs5_2013_block_group,artifacts/poc016/input_manifest.json,data/raw/acs5_all_pa/2013/,acs_population_2010_bg__2021_final__v1,data/processed/poc016/crosswalks/acs_population_2010_bg__2021_final__v1.parquet,01a0418c52a90ae806cb0bc34829d21366a55d9ce7be72b840dcf0fe4fb0f21d,census2010_population_atomic_acs5_2010_geography_v1,28303.0,0.0,data/processed/poc016/fixed_precinct_population_products_v1.parquet,7fb71ee710f2b6c3251e976cca5da1963fb96d05274088359b10e64ade8d3467,data/processed/poc016/senate_population_products_v1.parquet,03c29b4ab42eb48971fcdd6f3dbffad47a3ad8f72d032036bbbfd3f75b6647d2,acs5_2013__pa_senate_2021_final,artifacts/poc016/qa_results.json,2010 Census population support predates the ACS period but may be stale; zero-support groups use typed simple-area fallback. Target MOEs use weighted-source RSS and omit covariance and allocation-weight uncertainty.
pa_general_2026__acs5_2014,executed_available_pairing,pa_general_2026,2026-11-03,general_election_day,pa_lrc_2021_release_1b_geography,pa_senate_2021_final,acs5_2014,ACS 5-year detailed tables,2010-01-01,2014-12-31,2015-12-03,acs5_2014_block_group,artifacts/poc016/input_manifest.json,data/raw/acs5_all_pa/2014/,acs_population_2010_bg__2021_final__v1,data/processed/poc016/crosswalks/acs_population_2010_bg__2021_final__v1.parquet,01a0418c52a90ae806cb0bc34829d21366a55d9ce7be72b840dcf0fe4fb0f21d,census2010_population_atomic_acs5_2010_geography_v1,28303.0,0.0,data/processed/poc016/fixed_precinct_population_products_v1.parquet,7fb71ee710f2b6c3251e976cca5da1963fb96d05274088359b10e64ade8d3467,data/processed/poc016/senate_population_products_v1.parquet,03c29b4ab42eb48971fcdd6f3dbffad47a3ad8f72d032036bbbfd3f75b6647d2,acs5_2014__pa_senate_2021_final,artifacts/poc016/qa_results.json,2010 Census population support predates the ACS period but may be stale; zero-support groups use typed simple-area fallback. Target MOEs use weighted-source RSS and omit covariance and allocation-weight uncertainty.
pa_general_2026__acs5_2015,executed_available_pairing,pa_general_2026,2026-11-03,general_election_day,pa_lrc_2021_release_1b_geography,pa_senate_2021_final,acs5_2015,ACS 5-year detailed tables,2011-01-01,2015-12-31,2016-12-08,acs5_2015_block_group,artifacts/poc016/input_manifest.json,data/raw/acs5_all_pa/2015/,acs_population_2010_bg__2021_final__v1,data/processed/poc016/crosswalks/acs_population_2010_bg__2021_final__v1.parquet,01a0418c52a90ae806cb0bc34829d21366a55d9ce7be72b840dcf0fe4fb0f21d,census2010_population_atomic_acs5_2010_geography_v1,28303.0,0.0,data/processed/poc016/fixed_precinct_population_products_v1.parquet,7fb71ee710f2b6c3251e976cca5da1963fb96d05274088359b10e64ade8d3467,data/processed/poc016/senate_population_products_v1.parquet,03c29b4ab42eb48971fcdd6f3dbffad47a3ad8f72d032036bbbfd3f75b6647d2,acs5_2015__pa_senate_2021_final,artifacts/poc016/qa_results.json,2010 Census population support predates the ACS period but may be stale; zero-support groups use typed simple-area fallback. Target MOEs use weighted-source RSS and omit covariance and allocation-weight uncertainty.
pa_general_2026__acs5_2016,executed_available_pairing,pa_general_2026,2026-11-03,general_election_day,pa_lrc_2021_release_1b_geography,pa_senate_2021_final,acs5_2016,ACS 5-year detailed tables,2012-01-01,2016-12-31,2017-12-07,acs5_2016_block_group,artifacts/poc016/input_manifest.json,data/raw/acs5_all_pa/2016/,acs_population_2010_bg__2021_final__v1,data/processed/poc016/crosswalks/acs_population_2010_bg__2021_final__v1.parquet,01a0418c52a90ae806cb0bc34829d21366a55d9ce7be72b840dcf0fe4fb0f21d,census2010_population_atomic_acs5_2010_geography_v1,28303.0,0.0,data/processed/poc016/fixed_precinct_population_products_v1.parquet,7fb71ee710f2b6c3251e976cca5da1963fb96d05274088359b10e64ade8d3467,data/processed/poc016/senate_population_products_v1.parquet,03c29b4ab42eb48971fcdd6f3dbffad47a3ad8f72d032036bbbfd3f75b6647d2,acs5_2016__pa_senate_2021_final,artifacts/poc016/qa_results.json,2010 Census population support predates the ACS period but may be stale; zero-support groups use typed simple-area fallback. Target MOEs use weighted-source RSS and omit covariance and allocation-weight uncertainty.
pa_general_2026__acs5_2017,executed_available_pairing,pa_general_2026,2026-11-03,general_election_day,pa_lrc_2021_release_1b_geography,pa_senate_2021_final,acs5_2017,ACS 5-year detailed tables,2013-01-01,2017-12-31,2018-12-06,acs5_2017_block_group,artifacts/poc016/input_manifest.json,data/raw/acs5_all_pa/2017/,acs_population_2010_bg__2021_final__v1,data/processed/poc016/crosswalks/acs_population_2010_bg__2021_final__v1.parquet,01a0418c52a90ae806cb0bc34829d21366a55d9ce7be72b840dcf0fe4fb0f21d,census2010_population_atomic_acs5_2010_geography_v1,28303.0,0.0,data/processed/poc016/fixed_precinct_population_products_v1.parquet,7fb71ee710f2b6c3251e976cca5da1963fb96d05274088359b10e64ade8d3467,data/processed/poc016/senate_population_products_v1.parquet,03c29b4ab42eb48971fcdd6f3dbffad47a3ad8f72d032036bbbfd3f75b6647d2,acs5_2017__pa_senate_2021_final,artifacts/poc016/qa_results.json,2010 Census population support predates the ACS period but may be stale; zero-support groups use typed simple-area fallback. Target MOEs use weighted-source RSS and omit covariance and allocation-weight uncertainty.
pa_general_2026__acs5_2018,executed_available_pairing,pa_general_2026,2026-11-03,general_election_day,pa_lrc_2021_release_1b_geography,pa_senate_2021_final,acs5_2018,ACS 5-year detailed tables,2014-01-01,2018-12-31,2019-12-19,acs5_2018_block_group,artifacts/poc016/input_manifest.json,data/raw/acs5_all_pa/2018/,acs_population_2010_bg__2021_final__v1,data/processed/poc016/crosswalks/acs_population_2010_bg__2021_final__v1.parquet,01a0418c52a90ae806cb0bc34829d21366a55d9ce7be72b840dcf0fe4fb0f21d,census2010_population_atomic_acs5_2010_geography_v1,28303.0,0.0,data/processed/poc016/fixed_precinct_population_products_v1.parquet,7fb71ee710f2b6c3251e976cca5da1963fb96d05274088359b10e64ade8d3467,data/processed/poc016/senate_population_products_v1.parquet,03c29b4ab42eb48971fcdd6f3dbffad47a3ad8f72d032036bbbfd3f75b6647d2,acs5_2018__pa_senate_2021_final,artifacts/poc016/qa_results.json,2010 Census population support predates the ACS period but may be stale; zero-support groups use typed simple-area fallback. Target MOEs use weighted-source RSS and omit covariance and allocation-weight uncertainty.
pa_general_2026__acs5_2019,executed_available_pairing,pa_general_2026,2026-11-03,general_election_day,pa_lrc_2021_release_1b_geography,pa_senate_2021_final,acs5_2019,ACS 5-year detailed tables,2015-01-01,2019-12-31,2020-12-10,acs5_2019_block_group,artifacts/poc016/input_manifest.json,data/raw/acs5_all_pa/2019/,acs_population_2010_bg__2021_final__v1,data/processed/poc016/crosswalks/acs_population_2010_bg__2021_final__v1.parquet,01a0418c52a90ae806cb0bc34829d21366a55d9ce7be72b840dcf0fe4fb0f21d,census2010_population_atomic_acs5_2010_geography_v1,28303.0,0.0,data/processed/poc016/fixed_precinct_population_products_v1.parquet,7fb71ee710f2b6c3251e976cca5da1963fb96d05274088359b10e64ade8d3467,data/processed/poc016/senate_population_products_v1.parquet,03c29b4ab42eb48971fcdd6f3dbffad47a3ad8f72d032036bbbfd3f75b6647d2,acs5_2019__pa_senate_2021_final,artifacts/poc016/qa_results.json,2010 Census population support predates the ACS period but may be stale; zero-support groups use typed simple-area fallback. Target MOEs use weighted-source RSS and omit covariance and allocation-weight uncertainty.
pa_general_2026__acs5_2020,executed_available_pairing,pa_general_2026,2026-11-03,general_election_day,pa_lrc_2021_release_1b_geography,pa_senate_2021_final,acs5_2020,ACS 5-year detailed tables,2016-01-01,2020-12-31,2022-03-17,acs5_2020_block_group,artifacts/poc016/input_manifest.json,data/raw/acs5_all_pa/2020/,acs_population_2020_bg__2021_final__v1,data/processed/poc016/crosswalks/acs_population_2020_bg__2021_final__v1.parquet,8b5fb0a2be2b96b5afb2571175cb7af5ee97095383a60fd360fe63280d9219e7,census2010_population_atomic_acs5_2020_geography_v1,27101.0,0.0,data/processed/poc016/fixed_precinct_population_products_v1.parquet,7fb71ee710f2b6c3251e976cca5da1963fb96d05274088359b10e64ade8d3467,data/processed/poc016/senate_population_products_v1.parquet,03c29b4ab42eb48971fcdd6f3dbffad47a3ad8f72d032036bbbfd3f75b6647d2,acs5_2020__pa_senate_2021_final,artifacts/poc016/qa_results.json,2010 Census population support predates the ACS period but may be stale; zero-support groups use typed simple-area fallback. Target MOEs use weighted-source RSS and omit covariance and allocation-weight uncertainty.
pa_general_2026__acs5_2021,executed_available_pairing,pa_general_2026,2026-11-03,general_election_day,pa_lrc_2021_release_1b_geography,pa_senate_2021_final,acs5_2021,ACS 5-year detailed tables,2017-01-01,2021-12-31,2022-12-08,acs5_2021_block_group,artifacts/poc016/input_manifest.json,data/raw/acs5_all_pa/2021/,acs_population_2020_bg__2021_final__v1,data/processed/poc016/crosswalks/acs_population_2020_bg__2021_final__v1.parquet,8b5fb0a2be2b96b5afb2571175cb7af5ee97095383a60fd360fe63280d9219e7,census2010_population_atomic_acs5_2020_geography_v1,27101.0,0.0,data/processed/poc016/fixed_precinct_population_products_v1.parquet,7fb71ee710f2b6c3251e976cca5da1963fb96d05274088359b10e64ade8d3467,data/processed/poc016/senate_population_products_v1.parquet,03c29b4ab42eb48971fcdd6f3dbffad47a3ad8f72d032036bbbfd3f75b6647d2,acs5_2021__pa_senate_2021_final,artifacts/poc016/qa_results.json,2010 Census population support predates the ACS period but may be stale; zero-support groups use typed simple-area fallback. Target MOEs use weighted-source RSS and omit covariance and allocation-weight uncertainty.
pa_general_2026__acs5_2022,executed_available_pairing,pa_general_2026,2026-11-03,general_election_day,pa_lrc_2021_release_1b_geography,pa_senate_2021_final,acs5_2022,ACS 5-year detailed tables,2018-01-01,2022-12-31,2023-12-07,acs5_2022_block_group,artifacts/poc016/input_manifest.json,data/raw/acs5_all_pa/2022/,acs_population_2020_bg__2021_final__v1,data/processed/poc016/crosswalks/acs_population_2020_bg__2021_final__v1.parquet,8b5fb0a2be2b96b5afb2571175cb7af5ee97095383a60fd360fe63280d9219e7,census2010_population_atomic_acs5_2020_geography_v1,27101.0,0.0,data/processed/poc016/fixed_precinct_population_products_v1.parquet,7fb71ee710f2b6c3251e976cca5da1963fb96d05274088359b10e64ade8d3467,data/processed/poc016/senate_population_products_v1.parquet,03c29b4ab42eb48971fcdd6f3dbffad47a3ad8f72d032036bbbfd3f75b6647d2,acs5_2022__pa_senate_2021_final,artifacts/poc016/qa_results.json,2010 Census population support predates the ACS period but may be stale; zero-support groups use typed simple-area fallback. Target MOEs use weighted-source RSS and omit covariance and allocation-weight uncertainty.
pa_general_2026__acs5_2023,executed_available_pairing,pa_general_2026,2026-11-03,general_election_day,pa_lrc_2021_release_1b_geography,pa_senate_2021_final,acs5_2023,ACS 5-year detailed tables,2019-01-01,2023-12-31,2024-12-12,acs5_2023_block_group,artifacts/poc016/input_manifest.json,data/raw/acs5_all_pa/2023/,acs_population_2020_bg__2021_final__v1,data/processed/poc016/crosswalks/acs_population_2020_bg__2021_final__v1.parquet,8b5fb0a2be2b96b5afb2571175cb7af5ee97095383a60fd360fe63280d9219e7,census2010_population_atomic_acs5_2020_geography_v1,27101.0,0.0,data/processed/poc016/fixed_precinct_population_products_v1.parquet,7fb71ee710f2b6c3251e976cca5da1963fb96d05274088359b10e64ade8d3467,data/processed/poc016/senate_population_products_v1.parquet,03c29b4ab42eb48971fcdd6f3dbffad47a3ad8f72d032036bbbfd3f75b6647d2,acs5_2023__pa_senate_2021_final,artifacts/poc016/qa_results.json,2010 Census population support predates the ACS period but may be stale; zero-support groups use typed simple-area fallback. Target MOEs use weighted-source RSS and omit covariance and allocation-weight uncertainty.
pa_general_2026__acs5_2024,executed_available_pairing,pa_general_2026,2026-11-03,general_election_day,pa_lrc_2021_release_1b_geography,pa_senate_2021_final,acs5_2024,ACS 5-year detailed tables,2020-01-01,2024-12-31,2026-01-29,acs5_2024_block_group,artifacts/poc016/input_manifest.json,data/raw/acs5_all_pa/2024/,acs_population_2020_bg__2021_final__v1,data/processed/poc016/crosswalks/acs_population_2020_bg__2021_final__v1.parquet,8b5fb0a2be2b96b5afb2571175cb7af5ee97095383a60fd360fe63280d9219e7,census2010_population_atomic_acs5_2020_geography_v1,27101.0,0.0,data/processed/poc016/fixed_precinct_population_products_v1.parquet,7fb71ee710f2b6c3251e976cca5da1963fb96d05274088359b10e64ade8d3467,data/processed/poc016/senate_population_products_v1.parquet,03c29b4ab42eb48971fcdd6f3dbffad47a3ad8f72d032036bbbfd3f75b6647d2,acs5_2024__pa_senate_2021_final,artifacts/poc016/qa_results.json,2010 Census population support predates the ACS period but may be stale; zero-support groups use typed simple-area fallback. Target MOEs use weighted-source RSS and omit covariance and allocation-weight uncertainty.
pa_general_2026__dec_1990,executed_available_pairing,pa_general_2026,2026-11-03,general_election_day,pa_lrc_2021_release_1b_geography,pa_senate_2021_final,dec_1990,1990 Census STF 1B POP100,1990-04-01,1990-04-01,1991,census_block,artifacts/poc013/input_manifest.json,dec_1990,dec_1990__2021_final__v1,data/processed/poc016/crosswalks/dec_1990__2021_final__v1.parquet,440a2ba0cf391b19aae41fc5eb812bc035859fcd2af95973a6115d4ea7e0676d,relationship_tiger_face_area_1990_v1,498345.0,0.0,data/processed/poc016/fixed_precinct_population_products_v1.parquet,7fb71ee710f2b6c3251e976cca5da1963fb96d05274088359b10e64ade8d3467,data/processed/poc016/senate_population_products_v1.parquet,03c29b4ab42eb48971fcdd6f3dbffad47a3ad8f72d032036bbbfd3f75b6647d2,dec_1990__pa_senate_2021_final,artifacts/poc016/qa_results.json,Geometry-only same-topology TIGER face area allocation; official relationship files contain pairs but no weights.
pa_general_2026__dec_2000,executed_available_pairing,pa_general_2026,2026-11-03,general_election_day,pa_lrc_2021_release_1b_geography,pa_senate_2021_final,dec_2000,Census 2000 PL 94-171,2000-04-01,2000-04-01,2001-03-09,census_block,artifacts/poc012/input_manifest.json,dec_2000,dec_2000__2021_final__v1,data/processed/poc016/crosswalks/dec_2000__2021_final__v1.parquet,54ce83399b8e5a58f3031b62dc3f3574c7c396092f054b871098e8e2c8c324be,relationship_atomic_area_2000_v1,511542.0,0.0,data/processed/poc016/fixed_precinct_population_products_v1.parquet,7fb71ee710f2b6c3251e976cca5da1963fb96d05274088359b10e64ade8d3467,data/processed/poc016/senate_population_products_v1.parquet,03c29b4ab42eb48971fcdd6f3dbffad47a3ad8f72d032036bbbfd3f75b6647d2,dec_2000__pa_senate_2021_final,artifacts/poc016/qa_results.json,Geometry-only relationship/atomic-area allocation; area is not observed within-block population.
pa_general_2026__dec_2010,executed_available_pairing,pa_general_2026,2026-11-03,general_election_day,pa_lrc_2021_release_1b_geography,pa_senate_2021_final,dec_2010,2010 Census PL 94-171,2010-04-01,2010-04-01,2011-03-09,census_block,artifacts/poc011/input_manifest.json,dec_2010,dec_2010__2021_final__v1,data/processed/poc016/crosswalks/dec_2010__2021_final__v1.parquet,0d66c311d6d738cfa77e8344fd3757a9c5b6437b17109e29b71dce7d0164b22f,relationship_atomic_area_2010_v1,451952.0,0.0,data/processed/poc016/fixed_precinct_population_products_v1.parquet,7fb71ee710f2b6c3251e976cca5da1963fb96d05274088359b10e64ade8d3467,data/processed/poc016/senate_population_products_v1.parquet,03c29b4ab42eb48971fcdd6f3dbffad47a3ad8f72d032036bbbfd3f75b6647d2,dec_2010__pa_senate_2021_final,artifacts/poc016/qa_results.json,Geometry-only relationship/atomic-area allocation; area is not observed within-block population.
pa_general_2026__dec_2020,executed_available_pairing,pa_general_2026,2026-11-03,general_election_day,pa_lrc_2021_release_1b_geography,pa_senate_2021_final,dec_2020,2020 Census PL 94-171,2020-04-01,2020-04-01,2021-08-12,census_block,artifacts/poc010/input_manifest.json,dec_2020,block_to_fixed_precinct_lrc_published_split_v1,data/processed/statewide_2020/block_to_fixed_precinct_lrc_published_split_v1.parquet,7ce2b5360609767337f5066d5dd042486a2083b54b45067d8b9edfeb6f36ae7a,lrc_published_split_v1,337039.0,0.0,data/processed/poc016/fixed_precinct_population_products_v1.parquet,7fb71ee710f2b6c3251e976cca5da1963fb96d05274088359b10e64ade8d3467,data/processed/poc016/senate_population_products_v1.parquet,03c29b4ab42eb48971fcdd6f3dbffad47a3ad8f72d032036bbbfd3f75b6647d2,dec_2020__pa_senate_2021_final,artifacts/poc016/qa_results.json,Published LRC corrected-fragment population assignment on the fixed target.
