pairing_id,election_id,election_date,cycle_role,cutoff_policy,cutoff_date,fixed_precinct_snapshot_id,senate_plan_id,product_id,product_family,reference_start,reference_end,release_date_published,release_date_precision,release_date_earliest,release_date_latest,metric,source_geography_id,population_universe,product_processing_status,allocation_readiness,accepted_method_id,reference_period_complete_by_cutoff,availability_by_cutoff,exact_release_days_before_cutoff,candidate_for_poc016,availability_notes
pa_general_1990__acs5_2009,pa_general_1990,1990-11-06,historical_training,general_election_day,1990-11-06,pa_lrc_2021_release_1b_geography,pa_senate_1981_plan,acs5_2009,ACS 5-year detailed tables,2005-01-01,2009-12-31,2010-12-14,exact_day,2010-12-14,2010-12-14,B01003_001E/B01003_001M,acs5_2009_block_group,total_population,inventoried,inventory_only_requires_poc016_support_selection,,false,not_available,-7343,false,
pa_general_1990__acs5_2010,pa_general_1990,1990-11-06,historical_training,general_election_day,1990-11-06,pa_lrc_2021_release_1b_geography,pa_senate_1981_plan,acs5_2010,ACS 5-year detailed tables,2006-01-01,2010-12-31,2011-12-08,exact_day,2011-12-08,2011-12-08,B01003_001E/B01003_001M,acs5_2010_block_group,total_population,inventoried,inventory_only_requires_poc016_support_selection,,false,not_available,-7702,false,
pa_general_1990__acs5_2011,pa_general_1990,1990-11-06,historical_training,general_election_day,1990-11-06,pa_lrc_2021_release_1b_geography,pa_senate_1981_plan,acs5_2011,ACS 5-year detailed tables,2007-01-01,2011-12-31,2012-12-06,exact_day,2012-12-06,2012-12-06,B01003_001E/B01003_001M,acs5_2011_block_group,total_population,inventoried,inventory_only_requires_poc016_support_selection,,false,not_available,-8066,false,
pa_general_1990__acs5_2012,pa_general_1990,1990-11-06,historical_training,general_election_day,1990-11-06,pa_lrc_2021_release_1b_geography,pa_senate_1981_plan,acs5_2012,ACS 5-year detailed tables,2008-01-01,2012-12-31,2013-12-17,exact_day,2013-12-17,2013-12-17,B01003_001E/B01003_001M,acs5_2012_block_group,total_population,inventoried,inventory_only_requires_poc016_support_selection,,false,not_available,-8442,false,
pa_general_1990__acs5_2013,pa_general_1990,1990-11-06,historical_training,general_election_day,1990-11-06,pa_lrc_2021_release_1b_geography,pa_senate_1981_plan,acs5_2013,ACS 5-year detailed tables,2009-01-01,2013-12-31,2014-12-04,exact_day,2014-12-04,2014-12-04,B01003_001E/B01003_001M,acs5_2013_block_group,total_population,inventoried,inventory_only_requires_poc016_support_selection,,false,not_available,-8794,false,
pa_general_1990__acs5_2014,pa_general_1990,1990-11-06,historical_training,general_election_day,1990-11-06,pa_lrc_2021_release_1b_geography,pa_senate_1981_plan,acs5_2014,ACS 5-year detailed tables,2010-01-01,2014-12-31,2015-12-03,exact_day,2015-12-03,2015-12-03,B01003_001E/B01003_001M,acs5_2014_block_group,total_population,inventoried,inventory_only_requires_poc016_support_selection,,false,not_available,-9158,false,
pa_general_1990__acs5_2015,pa_general_1990,1990-11-06,historical_training,general_election_day,1990-11-06,pa_lrc_2021_release_1b_geography,pa_senate_1981_plan,acs5_2015,ACS 5-year detailed tables,2011-01-01,2015-12-31,2016-12-08,exact_day,2016-12-08,2016-12-08,B01003_001E/B01003_001M,acs5_2015_block_group,total_population,inventoried,representative_statewide_method_proven,census2010_population_atomic_acs5_2015_v1,false,not_available,-9529,false,
pa_general_1990__acs5_2016,pa_general_1990,1990-11-06,historical_training,general_election_day,1990-11-06,pa_lrc_2021_release_1b_geography,pa_senate_1981_plan,acs5_2016,ACS 5-year detailed tables,2012-01-01,2016-12-31,2017-12-07,exact_day,2017-12-07,2017-12-07,B01003_001E/B01003_001M,acs5_2016_block_group,total_population,inventoried,inventory_only_requires_poc016_support_selection,,false,not_available,-9893,false,
pa_general_1990__acs5_2017,pa_general_1990,1990-11-06,historical_training,general_election_day,1990-11-06,pa_lrc_2021_release_1b_geography,pa_senate_1981_plan,acs5_2017,ACS 5-year detailed tables,2013-01-01,2017-12-31,2018-12-06,exact_day,2018-12-06,2018-12-06,B01003_001E/B01003_001M,acs5_2017_block_group,total_population,inventoried,inventory_only_requires_poc016_support_selection,,false,not_available,-10257,false,
pa_general_1990__acs5_2018,pa_general_1990,1990-11-06,historical_training,general_election_day,1990-11-06,pa_lrc_2021_release_1b_geography,pa_senate_1981_plan,acs5_2018,ACS 5-year detailed tables,2014-01-01,2018-12-31,2019-12-19,exact_day,2019-12-19,2019-12-19,B01003_001E/B01003_001M,acs5_2018_block_group,total_population,inventoried,inventory_only_requires_poc016_support_selection,,false,not_available,-10635,false,
pa_general_1990__acs5_2019,pa_general_1990,1990-11-06,historical_training,general_election_day,1990-11-06,pa_lrc_2021_release_1b_geography,pa_senate_1981_plan,acs5_2019,ACS 5-year detailed tables,2015-01-01,2019-12-31,2020-12-10,exact_day,2020-12-10,2020-12-10,B01003_001E/B01003_001M,acs5_2019_block_group,total_population,inventoried,inventory_only_requires_poc016_support_selection,,false,not_available,-10992,false,
pa_general_1990__acs5_2020,pa_general_1990,1990-11-06,historical_training,general_election_day,1990-11-06,pa_lrc_2021_release_1b_geography,pa_senate_1981_plan,acs5_2020,ACS 5-year detailed tables,2016-01-01,2020-12-31,2022-03-17,exact_day,2022-03-17,2022-03-17,B01003_001E/B01003_001M,acs5_2020_block_group,total_population,inventoried,inventory_only_requires_poc016_support_selection,,false,not_available,-11454,false,
pa_general_1990__acs5_2021,pa_general_1990,1990-11-06,historical_training,general_election_day,1990-11-06,pa_lrc_2021_release_1b_geography,pa_senate_1981_plan,acs5_2021,ACS 5-year detailed tables,2017-01-01,2021-12-31,2022-12-08,exact_day,2022-12-08,2022-12-08,B01003_001E/B01003_001M,acs5_2021_block_group,total_population,inventoried,inventory_only_requires_poc016_support_selection,,false,not_available,-11720,false,
pa_general_1990__acs5_2022,pa_general_1990,1990-11-06,historical_training,general_election_day,1990-11-06,pa_lrc_2021_release_1b_geography,pa_senate_1981_plan,acs5_2022,ACS 5-year detailed tables,2018-01-01,2022-12-31,2023-12-07,exact_day,2023-12-07,2023-12-07,B01003_001E/B01003_001M,acs5_2022_block_group,total_population,inventoried,inventory_only_requires_poc016_support_selection,,false,not_available,-12084,false,
pa_general_1990__acs5_2023,pa_general_1990,1990-11-06,historical_training,general_election_day,1990-11-06,pa_lrc_2021_release_1b_geography,pa_senate_1981_plan,acs5_2023,ACS 5-year detailed tables,2019-01-01,2023-12-31,2024-12-12,exact_day,2024-12-12,2024-12-12,B01003_001E/B01003_001M,acs5_2023_block_group,total_population,inventoried,inventory_only_requires_poc016_support_selection,,false,not_available,-12455,false,
pa_general_1990__acs5_2024,pa_general_1990,1990-11-06,historical_training,general_election_day,1990-11-06,pa_lrc_2021_release_1b_geography,pa_senate_1981_plan,acs5_2024,ACS 5-year detailed tables,2020-01-01,2024-12-31,2026-01-29,exact_day,2026-01-29,2026-01-29,B01003_001E/B01003_001M,acs5_2024_block_group,total_population,inventoried,inventory_only_requires_poc016_support_selection,,false,not_available,-12868,false,
pa_general_1990__dec_1990,pa_general_1990,1990-11-06,historical_training,general_election_day,1990-11-06,pa_lrc_2021_release_1b_geography,pa_senate_1981_plan,dec_1990,1990 Census STF 1B POP100,1990-04-01,1990-04-01,1991,year_only,1991-01-01,1991-12-31,total_population,census_block,standard_total_population,statewide_proven,statewide_result_proven,relationship_tiger_face_area_1990_v1,true,not_available,,false,exact Pennsylvania release day unresolved; year bounds still classify this cutoff
pa_general_1990__dec_2000,pa_general_1990,1990-11-06,historical_training,general_election_day,1990-11-06,pa_lrc_2021_release_1b_geography,pa_senate_1981_plan,dec_2000,Census 2000 PL 94-171,2000-04-01,2000-04-01,2001-03-09,exact_day,2001-03-09,2001-03-09,P0010001/PL001001,census_block,standard_total_population,statewide_proven,statewide_result_proven,relationship_atomic_area_2000_v1,false,not_available,-3776,false,
pa_general_1990__dec_2010,pa_general_1990,1990-11-06,historical_training,general_election_day,1990-11-06,pa_lrc_2021_release_1b_geography,pa_senate_1981_plan,dec_2010,2010 Census PL 94-171,2010-04-01,2010-04-01,2011-03-09,exact_day,2011-03-09,2011-03-09,P0010001,census_block,standard_total_population,statewide_proven,statewide_result_proven,relationship_atomic_area_2010_v1,false,not_available,-7428,false,
pa_general_1990__dec_2020,pa_general_1990,1990-11-06,historical_training,general_election_day,1990-11-06,pa_lrc_2021_release_1b_geography,pa_senate_1981_plan,dec_2020,2020 Census PL 94-171,2020-04-01,2020-04-01,2021-08-12,exact_day,2021-08-12,2021-08-12,P0010001,census_block,standard_total_population,statewide_proven,statewide_result_proven,lrc_published_split_v1,false,not_available,-11237,false,
pa_general_1992__acs5_2009,pa_general_1992,1992-11-03,historical_training,general_election_day,1992-11-03,pa_lrc_2021_release_1b_geography,pa_senate_1991_final,acs5_2009,ACS 5-year detailed tables,2005-01-01,2009-12-31,2010-12-14,exact_day,2010-12-14,2010-12-14,B01003_001E/B01003_001M,acs5_2009_block_group,total_population,inventoried,inventory_only_requires_poc016_support_selection,,false,not_available,-6615,false,
pa_general_1992__acs5_2010,pa_general_1992,1992-11-03,historical_training,general_election_day,1992-11-03,pa_lrc_2021_release_1b_geography,pa_senate_1991_final,acs5_2010,ACS 5-year detailed tables,2006-01-01,2010-12-31,2011-12-08,exact_day,2011-12-08,2011-12-08,B01003_001E/B01003_001M,acs5_2010_block_group,total_population,inventoried,inventory_only_requires_poc016_support_selection,,false,not_available,-6974,false,
pa_general_1992__acs5_2011,pa_general_1992,1992-11-03,historical_training,general_election_day,1992-11-03,pa_lrc_2021_release_1b_geography,pa_senate_1991_final,acs5_2011,ACS 5-year detailed tables,2007-01-01,2011-12-31,2012-12-06,exact_day,2012-12-06,2012-12-06,B01003_001E/B01003_001M,acs5_2011_block_group,total_population,inventoried,inventory_only_requires_poc016_support_selection,,false,not_available,-7338,false,
pa_general_1992__acs5_2012,pa_general_1992,1992-11-03,historical_training,general_election_day,1992-11-03,pa_lrc_2021_release_1b_geography,pa_senate_1991_final,acs5_2012,ACS 5-year detailed tables,2008-01-01,2012-12-31,2013-12-17,exact_day,2013-12-17,2013-12-17,B01003_001E/B01003_001M,acs5_2012_block_group,total_population,inventoried,inventory_only_requires_poc016_support_selection,,false,not_available,-7714,false,
pa_general_1992__acs5_2013,pa_general_1992,1992-11-03,historical_training,general_election_day,1992-11-03,pa_lrc_2021_release_1b_geography,pa_senate_1991_final,acs5_2013,ACS 5-year detailed tables,2009-01-01,2013-12-31,2014-12-04,exact_day,2014-12-04,2014-12-04,B01003_001E/B01003_001M,acs5_2013_block_group,total_population,inventoried,inventory_only_requires_poc016_support_selection,,false,not_available,-8066,false,
pa_general_1992__acs5_2014,pa_general_1992,1992-11-03,historical_training,general_election_day,1992-11-03,pa_lrc_2021_release_1b_geography,pa_senate_1991_final,acs5_2014,ACS 5-year detailed tables,2010-01-01,2014-12-31,2015-12-03,exact_day,2015-12-03,2015-12-03,B01003_001E/B01003_001M,acs5_2014_block_group,total_population,inventoried,inventory_only_requires_poc016_support_selection,,false,not_available,-8430,false,
pa_general_1992__acs5_2015,pa_general_1992,1992-11-03,historical_training,general_election_day,1992-11-03,pa_lrc_2021_release_1b_geography,pa_senate_1991_final,acs5_2015,ACS 5-year detailed tables,2011-01-01,2015-12-31,2016-12-08,exact_day,2016-12-08,2016-12-08,B01003_001E/B01003_001M,acs5_2015_block_group,total_population,inventoried,representative_statewide_method_proven,census2010_population_atomic_acs5_2015_v1,false,not_available,-8801,false,
pa_general_1992__acs5_2016,pa_general_1992,1992-11-03,historical_training,general_election_day,1992-11-03,pa_lrc_2021_release_1b_geography,pa_senate_1991_final,acs5_2016,ACS 5-year detailed tables,2012-01-01,2016-12-31,2017-12-07,exact_day,2017-12-07,2017-12-07,B01003_001E/B01003_001M,acs5_2016_block_group,total_population,inventoried,inventory_only_requires_poc016_support_selection,,false,not_available,-9165,false,
pa_general_1992__acs5_2017,pa_general_1992,1992-11-03,historical_training,general_election_day,1992-11-03,pa_lrc_2021_release_1b_geography,pa_senate_1991_final,acs5_2017,ACS 5-year detailed tables,2013-01-01,2017-12-31,2018-12-06,exact_day,2018-12-06,2018-12-06,B01003_001E/B01003_001M,acs5_2017_block_group,total_population,inventoried,inventory_only_requires_poc016_support_selection,,false,not_available,-9529,false,
pa_general_1992__acs5_2018,pa_general_1992,1992-11-03,historical_training,general_election_day,1992-11-03,pa_lrc_2021_release_1b_geography,pa_senate_1991_final,acs5_2018,ACS 5-year detailed tables,2014-01-01,2018-12-31,2019-12-19,exact_day,2019-12-19,2019-12-19,B01003_001E/B01003_001M,acs5_2018_block_group,total_population,inventoried,inventory_only_requires_poc016_support_selection,,false,not_available,-9907,false,
pa_general_1992__acs5_2019,pa_general_1992,1992-11-03,historical_training,general_election_day,1992-11-03,pa_lrc_2021_release_1b_geography,pa_senate_1991_final,acs5_2019,ACS 5-year detailed tables,2015-01-01,2019-12-31,2020-12-10,exact_day,2020-12-10,2020-12-10,B01003_001E/B01003_001M,acs5_2019_block_group,total_population,inventoried,inventory_only_requires_poc016_support_selection,,false,not_available,-10264,false,
pa_general_1992__acs5_2020,pa_general_1992,1992-11-03,historical_training,general_election_day,1992-11-03,pa_lrc_2021_release_1b_geography,pa_senate_1991_final,acs5_2020,ACS 5-year detailed tables,2016-01-01,2020-12-31,2022-03-17,exact_day,2022-03-17,2022-03-17,B01003_001E/B01003_001M,acs5_2020_block_group,total_population,inventoried,inventory_only_requires_poc016_support_selection,,false,not_available,-10726,false,
pa_general_1992__acs5_2021,pa_general_1992,1992-11-03,historical_training,general_election_day,1992-11-03,pa_lrc_2021_release_1b_geography,pa_senate_1991_final,acs5_2021,ACS 5-year detailed tables,2017-01-01,2021-12-31,2022-12-08,exact_day,2022-12-08,2022-12-08,B01003_001E/B01003_001M,acs5_2021_block_group,total_population,inventoried,inventory_only_requires_poc016_support_selection,,false,not_available,-10992,false,
pa_general_1992__acs5_2022,pa_general_1992,1992-11-03,historical_training,general_election_day,1992-11-03,pa_lrc_2021_release_1b_geography,pa_senate_1991_final,acs5_2022,ACS 5-year detailed tables,2018-01-01,2022-12-31,2023-12-07,exact_day,2023-12-07,2023-12-07,B01003_001E/B01003_001M,acs5_2022_block_group,total_population,inventoried,inventory_only_requires_poc016_support_selection,,false,not_available,-11356,false,
pa_general_1992__acs5_2023,pa_general_1992,1992-11-03,historical_training,general_election_day,1992-11-03,pa_lrc_2021_release_1b_geography,pa_senate_1991_final,acs5_2023,ACS 5-year detailed tables,2019-01-01,2023-12-31,2024-12-12,exact_day,2024-12-12,2024-12-12,B01003_001E/B01003_001M,acs5_2023_block_group,total_population,inventoried,inventory_only_requires_poc016_support_selection,,false,not_available,-11727,false,
pa_general_1992__acs5_2024,pa_general_1992,1992-11-03,historical_training,general_election_day,1992-11-03,pa_lrc_2021_release_1b_geography,pa_senate_1991_final,acs5_2024,ACS 5-year detailed tables,2020-01-01,2024-12-31,2026-01-29,exact_day,2026-01-29,2026-01-29,B01003_001E/B01003_001M,acs5_2024_block_group,total_population,inventoried,inventory_only_requires_poc016_support_selection,,false,not_available,-12140,false,
pa_general_1992__dec_1990,pa_general_1992,1992-11-03,historical_training,general_election_day,1992-11-03,pa_lrc_2021_release_1b_geography,pa_senate_1991_final,dec_1990,1990 Census STF 1B POP100,1990-04-01,1990-04-01,1991,year_only,1991-01-01,1991-12-31,total_population,census_block,standard_total_population,statewide_proven,statewide_result_proven,relationship_tiger_face_area_1990_v1,true,available,,true,exact Pennsylvania release day unresolved; year bounds still classify this cutoff
pa_general_1992__dec_2000,pa_general_1992,1992-11-03,historical_training,general_election_day,1992-11-03,pa_lrc_2021_release_1b_geography,pa_senate_1991_final,dec_2000,Census 2000 PL 94-171,2000-04-01,2000-04-01,2001-03-09,exact_day,2001-03-09,2001-03-09,P0010001/PL001001,census_block,standard_total_population,statewide_proven,statewide_result_proven,relationship_atomic_area_2000_v1,false,not_available,-3048,false,
pa_general_1992__dec_2010,pa_general_1992,1992-11-03,historical_training,general_election_day,1992-11-03,pa_lrc_2021_release_1b_geography,pa_senate_1991_final,dec_2010,2010 Census PL 94-171,2010-04-01,2010-04-01,2011-03-09,exact_day,2011-03-09,2011-03-09,P0010001,census_block,standard_total_population,statewide_proven,statewide_result_proven,relationship_atomic_area_2010_v1,false,not_available,-6700,false,
pa_general_1992__dec_2020,pa_general_1992,1992-11-03,historical_training,general_election_day,1992-11-03,pa_lrc_2021_release_1b_geography,pa_senate_1991_final,dec_2020,2020 Census PL 94-171,2020-04-01,2020-04-01,2021-08-12,exact_day,2021-08-12,2021-08-12,P0010001,census_block,standard_total_population,statewide_proven,statewide_result_proven,lrc_published_split_v1,false,not_available,-10509,false,
pa_general_1994__acs5_2009,pa_general_1994,1994-11-08,historical_training,general_election_day,1994-11-08,pa_lrc_2021_release_1b_geography,pa_senate_1991_final,acs5_2009,ACS 5-year detailed tables,2005-01-01,2009-12-31,2010-12-14,exact_day,2010-12-14,2010-12-14,B01003_001E/B01003_001M,acs5_2009_block_group,total_population,inventoried,inventory_only_requires_poc016_support_selection,,false,not_available,-5880,false,
pa_general_1994__acs5_2010,pa_general_1994,1994-11-08,historical_training,general_election_day,1994-11-08,pa_lrc_2021_release_1b_geography,pa_senate_1991_final,acs5_2010,ACS 5-year detailed tables,2006-01-01,2010-12-31,2011-12-08,exact_day,2011-12-08,2011-12-08,B01003_001E/B01003_001M,acs5_2010_block_group,total_population,inventoried,inventory_only_requires_poc016_support_selection,,false,not_available,-6239,false,
pa_general_1994__acs5_2011,pa_general_1994,1994-11-08,historical_training,general_election_day,1994-11-08,pa_lrc_2021_release_1b_geography,pa_senate_1991_final,acs5_2011,ACS 5-year detailed tables,2007-01-01,2011-12-31,2012-12-06,exact_day,2012-12-06,2012-12-06,B01003_001E/B01003_001M,acs5_2011_block_group,total_population,inventoried,inventory_only_requires_poc016_support_selection,,false,not_available,-6603,false,
pa_general_1994__acs5_2012,pa_general_1994,1994-11-08,historical_training,general_election_day,1994-11-08,pa_lrc_2021_release_1b_geography,pa_senate_1991_final,acs5_2012,ACS 5-year detailed tables,2008-01-01,2012-12-31,2013-12-17,exact_day,2013-12-17,2013-12-17,B01003_001E/B01003_001M,acs5_2012_block_group,total_population,inventoried,inventory_only_requires_poc016_support_selection,,false,not_available,-6979,false,
pa_general_1994__acs5_2013,pa_general_1994,1994-11-08,historical_training,general_election_day,1994-11-08,pa_lrc_2021_release_1b_geography,pa_senate_1991_final,acs5_2013,ACS 5-year detailed tables,2009-01-01,2013-12-31,2014-12-04,exact_day,2014-12-04,2014-12-04,B01003_001E/B01003_001M,acs5_2013_block_group,total_population,inventoried,inventory_only_requires_poc016_support_selection,,false,not_available,-7331,false,
pa_general_1994__acs5_2014,pa_general_1994,1994-11-08,historical_training,general_election_day,1994-11-08,pa_lrc_2021_release_1b_geography,pa_senate_1991_final,acs5_2014,ACS 5-year detailed tables,2010-01-01,2014-12-31,2015-12-03,exact_day,2015-12-03,2015-12-03,B01003_001E/B01003_001M,acs5_2014_block_group,total_population,inventoried,inventory_only_requires_poc016_support_selection,,false,not_available,-7695,false,
pa_general_1994__acs5_2015,pa_general_1994,1994-11-08,historical_training,general_election_day,1994-11-08,pa_lrc_2021_release_1b_geography,pa_senate_1991_final,acs5_2015,ACS 5-year detailed tables,2011-01-01,2015-12-31,2016-12-08,exact_day,2016-12-08,2016-12-08,B01003_001E/B01003_001M,acs5_2015_block_group,total_population,inventoried,representative_statewide_method_proven,census2010_population_atomic_acs5_2015_v1,false,not_available,-8066,false,
pa_general_1994__acs5_2016,pa_general_1994,1994-11-08,historical_training,general_election_day,1994-11-08,pa_lrc_2021_release_1b_geography,pa_senate_1991_final,acs5_2016,ACS 5-year detailed tables,2012-01-01,2016-12-31,2017-12-07,exact_day,2017-12-07,2017-12-07,B01003_001E/B01003_001M,acs5_2016_block_group,total_population,inventoried,inventory_only_requires_poc016_support_selection,,false,not_available,-8430,false,
pa_general_1994__acs5_2017,pa_general_1994,1994-11-08,historical_training,general_election_day,1994-11-08,pa_lrc_2021_release_1b_geography,pa_senate_1991_final,acs5_2017,ACS 5-year detailed tables,2013-01-01,2017-12-31,2018-12-06,exact_day,2018-12-06,2018-12-06,B01003_001E/B01003_001M,acs5_2017_block_group,total_population,inventoried,inventory_only_requires_poc016_support_selection,,false,not_available,-8794,false,
pa_general_1994__acs5_2018,pa_general_1994,1994-11-08,historical_training,general_election_day,1994-11-08,pa_lrc_2021_release_1b_geography,pa_senate_1991_final,acs5_2018,ACS 5-year detailed tables,2014-01-01,2018-12-31,2019-12-19,exact_day,2019-12-19,2019-12-19,B01003_001E/B01003_001M,acs5_2018_block_group,total_population,inventoried,inventory_only_requires_poc016_support_selection,,false,not_available,-9172,false,
pa_general_1994__acs5_2019,pa_general_1994,1994-11-08,historical_training,general_election_day,1994-11-08,pa_lrc_2021_release_1b_geography,pa_senate_1991_final,acs5_2019,ACS 5-year detailed tables,2015-01-01,2019-12-31,2020-12-10,exact_day,2020-12-10,2020-12-10,B01003_001E/B01003_001M,acs5_2019_block_group,total_population,inventoried,inventory_only_requires_poc016_support_selection,,false,not_available,-9529,false,
pa_general_1994__acs5_2020,pa_general_1994,1994-11-08,historical_training,general_election_day,1994-11-08,pa_lrc_2021_release_1b_geography,pa_senate_1991_final,acs5_2020,ACS 5-year detailed tables,2016-01-01,2020-12-31,2022-03-17,exact_day,2022-03-17,2022-03-17,B01003_001E/B01003_001M,acs5_2020_block_group,total_population,inventoried,inventory_only_requires_poc016_support_selection,,false,not_available,-9991,false,
pa_general_1994__acs5_2021,pa_general_1994,1994-11-08,historical_training,general_election_day,1994-11-08,pa_lrc_2021_release_1b_geography,pa_senate_1991_final,acs5_2021,ACS 5-year detailed tables,2017-01-01,2021-12-31,2022-12-08,exact_day,2022-12-08,2022-12-08,B01003_001E/B01003_001M,acs5_2021_block_group,total_population,inventoried,inventory_only_requires_poc016_support_selection,,false,not_available,-10257,false,
pa_general_1994__acs5_2022,pa_general_1994,1994-11-08,historical_training,general_election_day,1994-11-08,pa_lrc_2021_release_1b_geography,pa_senate_1991_final,acs5_2022,ACS 5-year detailed tables,2018-01-01,2022-12-31,2023-12-07,exact_day,2023-12-07,2023-12-07,B01003_001E/B01003_001M,acs5_2022_block_group,total_population,inventoried,inventory_only_requires_poc016_support_selection,,false,not_available,-10621,false,
pa_general_1994__acs5_2023,pa_general_1994,1994-11-08,historical_training,general_election_day,1994-11-08,pa_lrc_2021_release_1b_geography,pa_senate_1991_final,acs5_2023,ACS 5-year detailed tables,2019-01-01,2023-12-31,2024-12-12,exact_day,2024-12-12,2024-12-12,B01003_001E/B01003_001M,acs5_2023_block_group,total_population,inventoried,inventory_only_requires_poc016_support_selection,,false,not_available,-10992,false,
pa_general_1994__acs5_2024,pa_general_1994,1994-11-08,historical_training,general_election_day,1994-11-08,pa_lrc_2021_release_1b_geography,pa_senate_1991_final,acs5_2024,ACS 5-year detailed tables,2020-01-01,2024-12-31,2026-01-29,exact_day,2026-01-29,2026-01-29,B01003_001E/B01003_001M,acs5_2024_block_group,total_population,inventoried,inventory_only_requires_poc016_support_selection,,false,not_available,-11405,false,
pa_general_1994__dec_1990,pa_general_1994,1994-11-08,historical_training,general_election_day,1994-11-08,pa_lrc_2021_release_1b_geography,pa_senate_1991_final,dec_1990,1990 Census STF 1B POP100,1990-04-01,1990-04-01,1991,year_only,1991-01-01,1991-12-31,total_population,census_block,standard_total_population,statewide_proven,statewide_result_proven,relationship_tiger_face_area_1990_v1,true,available,,true,exact Pennsylvania release day unresolved; year bounds still classify this cutoff
pa_general_1994__dec_2000,pa_general_1994,1994-11-08,historical_training,general_election_day,1994-11-08,pa_lrc_2021_release_1b_geography,pa_senate_1991_final,dec_2000,Census 2000 PL 94-171,2000-04-01,2000-04-01,2001-03-09,exact_day,2001-03-09,2001-03-09,P0010001/PL001001,census_block,standard_total_population,statewide_proven,statewide_result_proven,relationship_atomic_area_2000_v1,false,not_available,-2313,false,
pa_general_1994__dec_2010,pa_general_1994,1994-11-08,historical_training,general_election_day,1994-11-08,pa_lrc_2021_release_1b_geography,pa_senate_1991_final,dec_2010,2010 Census PL 94-171,2010-04-01,2010-04-01,2011-03-09,exact_day,2011-03-09,2011-03-09,P0010001,census_block,standard_total_population,statewide_proven,statewide_result_proven,relationship_atomic_area_2010_v1,false,not_available,-5965,false,
pa_general_1994__dec_2020,pa_general_1994,1994-11-08,historical_training,general_election_day,1994-11-08,pa_lrc_2021_release_1b_geography,pa_senate_1991_final,dec_2020,2020 Census PL 94-171,2020-04-01,2020-04-01,2021-08-12,exact_day,2021-08-12,2021-08-12,P0010001,census_block,standard_total_population,statewide_proven,statewide_result_proven,lrc_published_split_v1,false,not_available,-9774,false,
pa_general_1996__acs5_2009,pa_general_1996,1996-11-05,historical_training,general_election_day,1996-11-05,pa_lrc_2021_release_1b_geography,pa_senate_1991_final,acs5_2009,ACS 5-year detailed tables,2005-01-01,2009-12-31,2010-12-14,exact_day,2010-12-14,2010-12-14,B01003_001E/B01003_001M,acs5_2009_block_group,total_population,inventoried,inventory_only_requires_poc016_support_selection,,false,not_available,-5152,false,
pa_general_1996__acs5_2010,pa_general_1996,1996-11-05,historical_training,general_election_day,1996-11-05,pa_lrc_2021_release_1b_geography,pa_senate_1991_final,acs5_2010,ACS 5-year detailed tables,2006-01-01,2010-12-31,2011-12-08,exact_day,2011-12-08,2011-12-08,B01003_001E/B01003_001M,acs5_2010_block_group,total_population,inventoried,inventory_only_requires_poc016_support_selection,,false,not_available,-5511,false,
pa_general_1996__acs5_2011,pa_general_1996,1996-11-05,historical_training,general_election_day,1996-11-05,pa_lrc_2021_release_1b_geography,pa_senate_1991_final,acs5_2011,ACS 5-year detailed tables,2007-01-01,2011-12-31,2012-12-06,exact_day,2012-12-06,2012-12-06,B01003_001E/B01003_001M,acs5_2011_block_group,total_population,inventoried,inventory_only_requires_poc016_support_selection,,false,not_available,-5875,false,
pa_general_1996__acs5_2012,pa_general_1996,1996-11-05,historical_training,general_election_day,1996-11-05,pa_lrc_2021_release_1b_geography,pa_senate_1991_final,acs5_2012,ACS 5-year detailed tables,2008-01-01,2012-12-31,2013-12-17,exact_day,2013-12-17,2013-12-17,B01003_001E/B01003_001M,acs5_2012_block_group,total_population,inventoried,inventory_only_requires_poc016_support_selection,,false,not_available,-6251,false,
pa_general_1996__acs5_2013,pa_general_1996,1996-11-05,historical_training,general_election_day,1996-11-05,pa_lrc_2021_release_1b_geography,pa_senate_1991_final,acs5_2013,ACS 5-year detailed tables,2009-01-01,2013-12-31,2014-12-04,exact_day,2014-12-04,2014-12-04,B01003_001E/B01003_001M,acs5_2013_block_group,total_population,inventoried,inventory_only_requires_poc016_support_selection,,false,not_available,-6603,false,
pa_general_1996__acs5_2014,pa_general_1996,1996-11-05,historical_training,general_election_day,1996-11-05,pa_lrc_2021_release_1b_geography,pa_senate_1991_final,acs5_2014,ACS 5-year detailed tables,2010-01-01,2014-12-31,2015-12-03,exact_day,2015-12-03,2015-12-03,B01003_001E/B01003_001M,acs5_2014_block_group,total_population,inventoried,inventory_only_requires_poc016_support_selection,,false,not_available,-6967,false,
pa_general_1996__acs5_2015,pa_general_1996,1996-11-05,historical_training,general_election_day,1996-11-05,pa_lrc_2021_release_1b_geography,pa_senate_1991_final,acs5_2015,ACS 5-year detailed tables,2011-01-01,2015-12-31,2016-12-08,exact_day,2016-12-08,2016-12-08,B01003_001E/B01003_001M,acs5_2015_block_group,total_population,inventoried,representative_statewide_method_proven,census2010_population_atomic_acs5_2015_v1,false,not_available,-7338,false,
pa_general_1996__acs5_2016,pa_general_1996,1996-11-05,historical_training,general_election_day,1996-11-05,pa_lrc_2021_release_1b_geography,pa_senate_1991_final,acs5_2016,ACS 5-year detailed tables,2012-01-01,2016-12-31,2017-12-07,exact_day,2017-12-07,2017-12-07,B01003_001E/B01003_001M,acs5_2016_block_group,total_population,inventoried,inventory_only_requires_poc016_support_selection,,false,not_available,-7702,false,
pa_general_1996__acs5_2017,pa_general_1996,1996-11-05,historical_training,general_election_day,1996-11-05,pa_lrc_2021_release_1b_geography,pa_senate_1991_final,acs5_2017,ACS 5-year detailed tables,2013-01-01,2017-12-31,2018-12-06,exact_day,2018-12-06,2018-12-06,B01003_001E/B01003_001M,acs5_2017_block_group,total_population,inventoried,inventory_only_requires_poc016_support_selection,,false,not_available,-8066,false,
pa_general_1996__acs5_2018,pa_general_1996,1996-11-05,historical_training,general_election_day,1996-11-05,pa_lrc_2021_release_1b_geography,pa_senate_1991_final,acs5_2018,ACS 5-year detailed tables,2014-01-01,2018-12-31,2019-12-19,exact_day,2019-12-19,2019-12-19,B01003_001E/B01003_001M,acs5_2018_block_group,total_population,inventoried,inventory_only_requires_poc016_support_selection,,false,not_available,-8444,false,
pa_general_1996__acs5_2019,pa_general_1996,1996-11-05,historical_training,general_election_day,1996-11-05,pa_lrc_2021_release_1b_geography,pa_senate_1991_final,acs5_2019,ACS 5-year detailed tables,2015-01-01,2019-12-31,2020-12-10,exact_day,2020-12-10,2020-12-10,B01003_001E/B01003_001M,acs5_2019_block_group,total_population,inventoried,inventory_only_requires_poc016_support_selection,,false,not_available,-8801,false,
pa_general_1996__acs5_2020,pa_general_1996,1996-11-05,historical_training,general_election_day,1996-11-05,pa_lrc_2021_release_1b_geography,pa_senate_1991_final,acs5_2020,ACS 5-year detailed tables,2016-01-01,2020-12-31,2022-03-17,exact_day,2022-03-17,2022-03-17,B01003_001E/B01003_001M,acs5_2020_block_group,total_population,inventoried,inventory_only_requires_poc016_support_selection,,false,not_available,-9263,false,
pa_general_1996__acs5_2021,pa_general_1996,1996-11-05,historical_training,general_election_day,1996-11-05,pa_lrc_2021_release_1b_geography,pa_senate_1991_final,acs5_2021,ACS 5-year detailed tables,2017-01-01,2021-12-31,2022-12-08,exact_day,2022-12-08,2022-12-08,B01003_001E/B01003_001M,acs5_2021_block_group,total_population,inventoried,inventory_only_requires_poc016_support_selection,,false,not_available,-9529,false,
pa_general_1996__acs5_2022,pa_general_1996,1996-11-05,historical_training,general_election_day,1996-11-05,pa_lrc_2021_release_1b_geography,pa_senate_1991_final,acs5_2022,ACS 5-year detailed tables,2018-01-01,2022-12-31,2023-12-07,exact_day,2023-12-07,2023-12-07,B01003_001E/B01003_001M,acs5_2022_block_group,total_population,inventoried,inventory_only_requires_poc016_support_selection,,false,not_available,-9893,false,
pa_general_1996__acs5_2023,pa_general_1996,1996-11-05,historical_training,general_election_day,1996-11-05,pa_lrc_2021_release_1b_geography,pa_senate_1991_final,acs5_2023,ACS 5-year detailed tables,2019-01-01,2023-12-31,2024-12-12,exact_day,2024-12-12,2024-12-12,B01003_001E/B01003_001M,acs5_2023_block_group,total_population,inventoried,inventory_only_requires_poc016_support_selection,,false,not_available,-10264,false,
pa_general_1996__acs5_2024,pa_general_1996,1996-11-05,historical_training,general_election_day,1996-11-05,pa_lrc_2021_release_1b_geography,pa_senate_1991_final,acs5_2024,ACS 5-year detailed tables,2020-01-01,2024-12-31,2026-01-29,exact_day,2026-01-29,2026-01-29,B01003_001E/B01003_001M,acs5_2024_block_group,total_population,inventoried,inventory_only_requires_poc016_support_selection,,false,not_available,-10677,false,
pa_general_1996__dec_1990,pa_general_1996,1996-11-05,historical_training,general_election_day,1996-11-05,pa_lrc_2021_release_1b_geography,pa_senate_1991_final,dec_1990,1990 Census STF 1B POP100,1990-04-01,1990-04-01,1991,year_only,1991-01-01,1991-12-31,total_population,census_block,standard_total_population,statewide_proven,statewide_result_proven,relationship_tiger_face_area_1990_v1,true,available,,true,exact Pennsylvania release day unresolved; year bounds still classify this cutoff
pa_general_1996__dec_2000,pa_general_1996,1996-11-05,historical_training,general_election_day,1996-11-05,pa_lrc_2021_release_1b_geography,pa_senate_1991_final,dec_2000,Census 2000 PL 94-171,2000-04-01,2000-04-01,2001-03-09,exact_day,2001-03-09,2001-03-09,P0010001/PL001001,census_block,standard_total_population,statewide_proven,statewide_result_proven,relationship_atomic_area_2000_v1,false,not_available,-1585,false,
pa_general_1996__dec_2010,pa_general_1996,1996-11-05,historical_training,general_election_day,1996-11-05,pa_lrc_2021_release_1b_geography,pa_senate_1991_final,dec_2010,2010 Census PL 94-171,2010-04-01,2010-04-01,2011-03-09,exact_day,2011-03-09,2011-03-09,P0010001,census_block,standard_total_population,statewide_proven,statewide_result_proven,relationship_atomic_area_2010_v1,false,not_available,-5237,false,
pa_general_1996__dec_2020,pa_general_1996,1996-11-05,historical_training,general_election_day,1996-11-05,pa_lrc_2021_release_1b_geography,pa_senate_1991_final,dec_2020,2020 Census PL 94-171,2020-04-01,2020-04-01,2021-08-12,exact_day,2021-08-12,2021-08-12,P0010001,census_block,standard_total_population,statewide_proven,statewide_result_proven,lrc_published_split_v1,false,not_available,-9046,false,
pa_general_1998__acs5_2009,pa_general_1998,1998-11-03,historical_training,general_election_day,1998-11-03,pa_lrc_2021_release_1b_geography,pa_senate_1991_final,acs5_2009,ACS 5-year detailed tables,2005-01-01,2009-12-31,2010-12-14,exact_day,2010-12-14,2010-12-14,B01003_001E/B01003_001M,acs5_2009_block_group,total_population,inventoried,inventory_only_requires_poc016_support_selection,,false,not_available,-4424,false,
pa_general_1998__acs5_2010,pa_general_1998,1998-11-03,historical_training,general_election_day,1998-11-03,pa_lrc_2021_release_1b_geography,pa_senate_1991_final,acs5_2010,ACS 5-year detailed tables,2006-01-01,2010-12-31,2011-12-08,exact_day,2011-12-08,2011-12-08,B01003_001E/B01003_001M,acs5_2010_block_group,total_population,inventoried,inventory_only_requires_poc016_support_selection,,false,not_available,-4783,false,
pa_general_1998__acs5_2011,pa_general_1998,1998-11-03,historical_training,general_election_day,1998-11-03,pa_lrc_2021_release_1b_geography,pa_senate_1991_final,acs5_2011,ACS 5-year detailed tables,2007-01-01,2011-12-31,2012-12-06,exact_day,2012-12-06,2012-12-06,B01003_001E/B01003_001M,acs5_2011_block_group,total_population,inventoried,inventory_only_requires_poc016_support_selection,,false,not_available,-5147,false,
pa_general_1998__acs5_2012,pa_general_1998,1998-11-03,historical_training,general_election_day,1998-11-03,pa_lrc_2021_release_1b_geography,pa_senate_1991_final,acs5_2012,ACS 5-year detailed tables,2008-01-01,2012-12-31,2013-12-17,exact_day,2013-12-17,2013-12-17,B01003_001E/B01003_001M,acs5_2012_block_group,total_population,inventoried,inventory_only_requires_poc016_support_selection,,false,not_available,-5523,false,
pa_general_1998__acs5_2013,pa_general_1998,1998-11-03,historical_training,general_election_day,1998-11-03,pa_lrc_2021_release_1b_geography,pa_senate_1991_final,acs5_2013,ACS 5-year detailed tables,2009-01-01,2013-12-31,2014-12-04,exact_day,2014-12-04,2014-12-04,B01003_001E/B01003_001M,acs5_2013_block_group,total_population,inventoried,inventory_only_requires_poc016_support_selection,,false,not_available,-5875,false,
pa_general_1998__acs5_2014,pa_general_1998,1998-11-03,historical_training,general_election_day,1998-11-03,pa_lrc_2021_release_1b_geography,pa_senate_1991_final,acs5_2014,ACS 5-year detailed tables,2010-01-01,2014-12-31,2015-12-03,exact_day,2015-12-03,2015-12-03,B01003_001E/B01003_001M,acs5_2014_block_group,total_population,inventoried,inventory_only_requires_poc016_support_selection,,false,not_available,-6239,false,
pa_general_1998__acs5_2015,pa_general_1998,1998-11-03,historical_training,general_election_day,1998-11-03,pa_lrc_2021_release_1b_geography,pa_senate_1991_final,acs5_2015,ACS 5-year detailed tables,2011-01-01,2015-12-31,2016-12-08,exact_day,2016-12-08,2016-12-08,B01003_001E/B01003_001M,acs5_2015_block_group,total_population,inventoried,representative_statewide_method_proven,census2010_population_atomic_acs5_2015_v1,false,not_available,-6610,false,
pa_general_1998__acs5_2016,pa_general_1998,1998-11-03,historical_training,general_election_day,1998-11-03,pa_lrc_2021_release_1b_geography,pa_senate_1991_final,acs5_2016,ACS 5-year detailed tables,2012-01-01,2016-12-31,2017-12-07,exact_day,2017-12-07,2017-12-07,B01003_001E/B01003_001M,acs5_2016_block_group,total_population,inventoried,inventory_only_requires_poc016_support_selection,,false,not_available,-6974,false,
pa_general_1998__acs5_2017,pa_general_1998,1998-11-03,historical_training,general_election_day,1998-11-03,pa_lrc_2021_release_1b_geography,pa_senate_1991_final,acs5_2017,ACS 5-year detailed tables,2013-01-01,2017-12-31,2018-12-06,exact_day,2018-12-06,2018-12-06,B01003_001E/B01003_001M,acs5_2017_block_group,total_population,inventoried,inventory_only_requires_poc016_support_selection,,false,not_available,-7338,false,
pa_general_1998__acs5_2018,pa_general_1998,1998-11-03,historical_training,general_election_day,1998-11-03,pa_lrc_2021_release_1b_geography,pa_senate_1991_final,acs5_2018,ACS 5-year detailed tables,2014-01-01,2018-12-31,2019-12-19,exact_day,2019-12-19,2019-12-19,B01003_001E/B01003_001M,acs5_2018_block_group,total_population,inventoried,inventory_only_requires_poc016_support_selection,,false,not_available,-7716,false,
pa_general_1998__acs5_2019,pa_general_1998,1998-11-03,historical_training,general_election_day,1998-11-03,pa_lrc_2021_release_1b_geography,pa_senate_1991_final,acs5_2019,ACS 5-year detailed tables,2015-01-01,2019-12-31,2020-12-10,exact_day,2020-12-10,2020-12-10,B01003_001E/B01003_001M,acs5_2019_block_group,total_population,inventoried,inventory_only_requires_poc016_support_selection,,false,not_available,-8073,false,
pa_general_1998__acs5_2020,pa_general_1998,1998-11-03,historical_training,general_election_day,1998-11-03,pa_lrc_2021_release_1b_geography,pa_senate_1991_final,acs5_2020,ACS 5-year detailed tables,2016-01-01,2020-12-31,2022-03-17,exact_day,2022-03-17,2022-03-17,B01003_001E/B01003_001M,acs5_2020_block_group,total_population,inventoried,inventory_only_requires_poc016_support_selection,,false,not_available,-8535,false,
pa_general_1998__acs5_2021,pa_general_1998,1998-11-03,historical_training,general_election_day,1998-11-03,pa_lrc_2021_release_1b_geography,pa_senate_1991_final,acs5_2021,ACS 5-year detailed tables,2017-01-01,2021-12-31,2022-12-08,exact_day,2022-12-08,2022-12-08,B01003_001E/B01003_001M,acs5_2021_block_group,total_population,inventoried,inventory_only_requires_poc016_support_selection,,false,not_available,-8801,false,
pa_general_1998__acs5_2022,pa_general_1998,1998-11-03,historical_training,general_election_day,1998-11-03,pa_lrc_2021_release_1b_geography,pa_senate_1991_final,acs5_2022,ACS 5-year detailed tables,2018-01-01,2022-12-31,2023-12-07,exact_day,2023-12-07,2023-12-07,B01003_001E/B01003_001M,acs5_2022_block_group,total_population,inventoried,inventory_only_requires_poc016_support_selection,,false,not_available,-9165,false,
pa_general_1998__acs5_2023,pa_general_1998,1998-11-03,historical_training,general_election_day,1998-11-03,pa_lrc_2021_release_1b_geography,pa_senate_1991_final,acs5_2023,ACS 5-year detailed tables,2019-01-01,2023-12-31,2024-12-12,exact_day,2024-12-12,2024-12-12,B01003_001E/B01003_001M,acs5_2023_block_group,total_population,inventoried,inventory_only_requires_poc016_support_selection,,false,not_available,-9536,false,
pa_general_1998__acs5_2024,pa_general_1998,1998-11-03,historical_training,general_election_day,1998-11-03,pa_lrc_2021_release_1b_geography,pa_senate_1991_final,acs5_2024,ACS 5-year detailed tables,2020-01-01,2024-12-31,2026-01-29,exact_day,2026-01-29,2026-01-29,B01003_001E/B01003_001M,acs5_2024_block_group,total_population,inventoried,inventory_only_requires_poc016_support_selection,,false,not_available,-9949,false,
pa_general_1998__dec_1990,pa_general_1998,1998-11-03,historical_training,general_election_day,1998-11-03,pa_lrc_2021_release_1b_geography,pa_senate_1991_final,dec_1990,1990 Census STF 1B POP100,1990-04-01,1990-04-01,1991,year_only,1991-01-01,1991-12-31,total_population,census_block,standard_total_population,statewide_proven,statewide_result_proven,relationship_tiger_face_area_1990_v1,true,available,,true,exact Pennsylvania release day unresolved; year bounds still classify this cutoff
pa_general_1998__dec_2000,pa_general_1998,1998-11-03,historical_training,general_election_day,1998-11-03,pa_lrc_2021_release_1b_geography,pa_senate_1991_final,dec_2000,Census 2000 PL 94-171,2000-04-01,2000-04-01,2001-03-09,exact_day,2001-03-09,2001-03-09,P0010001/PL001001,census_block,standard_total_population,statewide_proven,statewide_result_proven,relationship_atomic_area_2000_v1,false,not_available,-857,false,
pa_general_1998__dec_2010,pa_general_1998,1998-11-03,historical_training,general_election_day,1998-11-03,pa_lrc_2021_release_1b_geography,pa_senate_1991_final,dec_2010,2010 Census PL 94-171,2010-04-01,2010-04-01,2011-03-09,exact_day,2011-03-09,2011-03-09,P0010001,census_block,standard_total_population,statewide_proven,statewide_result_proven,relationship_atomic_area_2010_v1,false,not_available,-4509,false,
pa_general_1998__dec_2020,pa_general_1998,1998-11-03,historical_training,general_election_day,1998-11-03,pa_lrc_2021_release_1b_geography,pa_senate_1991_final,dec_2020,2020 Census PL 94-171,2020-04-01,2020-04-01,2021-08-12,exact_day,2021-08-12,2021-08-12,P0010001,census_block,standard_total_population,statewide_proven,statewide_result_proven,lrc_published_split_v1,false,not_available,-8318,false,
pa_general_2000__acs5_2009,pa_general_2000,2000-11-07,historical_training,general_election_day,2000-11-07,pa_lrc_2021_release_1b_geography,pa_senate_1991_final,acs5_2009,ACS 5-year detailed tables,2005-01-01,2009-12-31,2010-12-14,exact_day,2010-12-14,2010-12-14,B01003_001E/B01003_001M,acs5_2009_block_group,total_population,inventoried,inventory_only_requires_poc016_support_selection,,false,not_available,-3689,false,
pa_general_2000__acs5_2010,pa_general_2000,2000-11-07,historical_training,general_election_day,2000-11-07,pa_lrc_2021_release_1b_geography,pa_senate_1991_final,acs5_2010,ACS 5-year detailed tables,2006-01-01,2010-12-31,2011-12-08,exact_day,2011-12-08,2011-12-08,B01003_001E/B01003_001M,acs5_2010_block_group,total_population,inventoried,inventory_only_requires_poc016_support_selection,,false,not_available,-4048,false,
pa_general_2000__acs5_2011,pa_general_2000,2000-11-07,historical_training,general_election_day,2000-11-07,pa_lrc_2021_release_1b_geography,pa_senate_1991_final,acs5_2011,ACS 5-year detailed tables,2007-01-01,2011-12-31,2012-12-06,exact_day,2012-12-06,2012-12-06,B01003_001E/B01003_001M,acs5_2011_block_group,total_population,inventoried,inventory_only_requires_poc016_support_selection,,false,not_available,-4412,false,
pa_general_2000__acs5_2012,pa_general_2000,2000-11-07,historical_training,general_election_day,2000-11-07,pa_lrc_2021_release_1b_geography,pa_senate_1991_final,acs5_2012,ACS 5-year detailed tables,2008-01-01,2012-12-31,2013-12-17,exact_day,2013-12-17,2013-12-17,B01003_001E/B01003_001M,acs5_2012_block_group,total_population,inventoried,inventory_only_requires_poc016_support_selection,,false,not_available,-4788,false,
pa_general_2000__acs5_2013,pa_general_2000,2000-11-07,historical_training,general_election_day,2000-11-07,pa_lrc_2021_release_1b_geography,pa_senate_1991_final,acs5_2013,ACS 5-year detailed tables,2009-01-01,2013-12-31,2014-12-04,exact_day,2014-12-04,2014-12-04,B01003_001E/B01003_001M,acs5_2013_block_group,total_population,inventoried,inventory_only_requires_poc016_support_selection,,false,not_available,-5140,false,
pa_general_2000__acs5_2014,pa_general_2000,2000-11-07,historical_training,general_election_day,2000-11-07,pa_lrc_2021_release_1b_geography,pa_senate_1991_final,acs5_2014,ACS 5-year detailed tables,2010-01-01,2014-12-31,2015-12-03,exact_day,2015-12-03,2015-12-03,B01003_001E/B01003_001M,acs5_2014_block_group,total_population,inventoried,inventory_only_requires_poc016_support_selection,,false,not_available,-5504,false,
pa_general_2000__acs5_2015,pa_general_2000,2000-11-07,historical_training,general_election_day,2000-11-07,pa_lrc_2021_release_1b_geography,pa_senate_1991_final,acs5_2015,ACS 5-year detailed tables,2011-01-01,2015-12-31,2016-12-08,exact_day,2016-12-08,2016-12-08,B01003_001E/B01003_001M,acs5_2015_block_group,total_population,inventoried,representative_statewide_method_proven,census2010_population_atomic_acs5_2015_v1,false,not_available,-5875,false,
pa_general_2000__acs5_2016,pa_general_2000,2000-11-07,historical_training,general_election_day,2000-11-07,pa_lrc_2021_release_1b_geography,pa_senate_1991_final,acs5_2016,ACS 5-year detailed tables,2012-01-01,2016-12-31,2017-12-07,exact_day,2017-12-07,2017-12-07,B01003_001E/B01003_001M,acs5_2016_block_group,total_population,inventoried,inventory_only_requires_poc016_support_selection,,false,not_available,-6239,false,
pa_general_2000__acs5_2017,pa_general_2000,2000-11-07,historical_training,general_election_day,2000-11-07,pa_lrc_2021_release_1b_geography,pa_senate_1991_final,acs5_2017,ACS 5-year detailed tables,2013-01-01,2017-12-31,2018-12-06,exact_day,2018-12-06,2018-12-06,B01003_001E/B01003_001M,acs5_2017_block_group,total_population,inventoried,inventory_only_requires_poc016_support_selection,,false,not_available,-6603,false,
pa_general_2000__acs5_2018,pa_general_2000,2000-11-07,historical_training,general_election_day,2000-11-07,pa_lrc_2021_release_1b_geography,pa_senate_1991_final,acs5_2018,ACS 5-year detailed tables,2014-01-01,2018-12-31,2019-12-19,exact_day,2019-12-19,2019-12-19,B01003_001E/B01003_001M,acs5_2018_block_group,total_population,inventoried,inventory_only_requires_poc016_support_selection,,false,not_available,-6981,false,
pa_general_2000__acs5_2019,pa_general_2000,2000-11-07,historical_training,general_election_day,2000-11-07,pa_lrc_2021_release_1b_geography,pa_senate_1991_final,acs5_2019,ACS 5-year detailed tables,2015-01-01,2019-12-31,2020-12-10,exact_day,2020-12-10,2020-12-10,B01003_001E/B01003_001M,acs5_2019_block_group,total_population,inventoried,inventory_only_requires_poc016_support_selection,,false,not_available,-7338,false,
pa_general_2000__acs5_2020,pa_general_2000,2000-11-07,historical_training,general_election_day,2000-11-07,pa_lrc_2021_release_1b_geography,pa_senate_1991_final,acs5_2020,ACS 5-year detailed tables,2016-01-01,2020-12-31,2022-03-17,exact_day,2022-03-17,2022-03-17,B01003_001E/B01003_001M,acs5_2020_block_group,total_population,inventoried,inventory_only_requires_poc016_support_selection,,false,not_available,-7800,false,
pa_general_2000__acs5_2021,pa_general_2000,2000-11-07,historical_training,general_election_day,2000-11-07,pa_lrc_2021_release_1b_geography,pa_senate_1991_final,acs5_2021,ACS 5-year detailed tables,2017-01-01,2021-12-31,2022-12-08,exact_day,2022-12-08,2022-12-08,B01003_001E/B01003_001M,acs5_2021_block_group,total_population,inventoried,inventory_only_requires_poc016_support_selection,,false,not_available,-8066,false,
pa_general_2000__acs5_2022,pa_general_2000,2000-11-07,historical_training,general_election_day,2000-11-07,pa_lrc_2021_release_1b_geography,pa_senate_1991_final,acs5_2022,ACS 5-year detailed tables,2018-01-01,2022-12-31,2023-12-07,exact_day,2023-12-07,2023-12-07,B01003_001E/B01003_001M,acs5_2022_block_group,total_population,inventoried,inventory_only_requires_poc016_support_selection,,false,not_available,-8430,false,
pa_general_2000__acs5_2023,pa_general_2000,2000-11-07,historical_training,general_election_day,2000-11-07,pa_lrc_2021_release_1b_geography,pa_senate_1991_final,acs5_2023,ACS 5-year detailed tables,2019-01-01,2023-12-31,2024-12-12,exact_day,2024-12-12,2024-12-12,B01003_001E/B01003_001M,acs5_2023_block_group,total_population,inventoried,inventory_only_requires_poc016_support_selection,,false,not_available,-8801,false,
pa_general_2000__acs5_2024,pa_general_2000,2000-11-07,historical_training,general_election_day,2000-11-07,pa_lrc_2021_release_1b_geography,pa_senate_1991_final,acs5_2024,ACS 5-year detailed tables,2020-01-01,2024-12-31,2026-01-29,exact_day,2026-01-29,2026-01-29,B01003_001E/B01003_001M,acs5_2024_block_group,total_population,inventoried,inventory_only_requires_poc016_support_selection,,false,not_available,-9214,false,
pa_general_2000__dec_1990,pa_general_2000,2000-11-07,historical_training,general_election_day,2000-11-07,pa_lrc_2021_release_1b_geography,pa_senate_1991_final,dec_1990,1990 Census STF 1B POP100,1990-04-01,1990-04-01,1991,year_only,1991-01-01,1991-12-31,total_population,census_block,standard_total_population,statewide_proven,statewide_result_proven,relationship_tiger_face_area_1990_v1,true,available,,true,exact Pennsylvania release day unresolved; year bounds still classify this cutoff
pa_general_2000__dec_2000,pa_general_2000,2000-11-07,historical_training,general_election_day,2000-11-07,pa_lrc_2021_release_1b_geography,pa_senate_1991_final,dec_2000,Census 2000 PL 94-171,2000-04-01,2000-04-01,2001-03-09,exact_day,2001-03-09,2001-03-09,P0010001/PL001001,census_block,standard_total_population,statewide_proven,statewide_result_proven,relationship_atomic_area_2000_v1,true,not_available,-122,false,
pa_general_2000__dec_2010,pa_general_2000,2000-11-07,historical_training,general_election_day,2000-11-07,pa_lrc_2021_release_1b_geography,pa_senate_1991_final,dec_2010,2010 Census PL 94-171,2010-04-01,2010-04-01,2011-03-09,exact_day,2011-03-09,2011-03-09,P0010001,census_block,standard_total_population,statewide_proven,statewide_result_proven,relationship_atomic_area_2010_v1,false,not_available,-3774,false,
pa_general_2000__dec_2020,pa_general_2000,2000-11-07,historical_training,general_election_day,2000-11-07,pa_lrc_2021_release_1b_geography,pa_senate_1991_final,dec_2020,2020 Census PL 94-171,2020-04-01,2020-04-01,2021-08-12,exact_day,2021-08-12,2021-08-12,P0010001,census_block,standard_total_population,statewide_proven,statewide_result_proven,lrc_published_split_v1,false,not_available,-7583,false,
pa_general_2002__acs5_2009,pa_general_2002,2002-11-05,historical_training,general_election_day,2002-11-05,pa_lrc_2021_release_1b_geography,pa_senate_2001_final,acs5_2009,ACS 5-year detailed tables,2005-01-01,2009-12-31,2010-12-14,exact_day,2010-12-14,2010-12-14,B01003_001E/B01003_001M,acs5_2009_block_group,total_population,inventoried,inventory_only_requires_poc016_support_selection,,false,not_available,-2961,false,
pa_general_2002__acs5_2010,pa_general_2002,2002-11-05,historical_training,general_election_day,2002-11-05,pa_lrc_2021_release_1b_geography,pa_senate_2001_final,acs5_2010,ACS 5-year detailed tables,2006-01-01,2010-12-31,2011-12-08,exact_day,2011-12-08,2011-12-08,B01003_001E/B01003_001M,acs5_2010_block_group,total_population,inventoried,inventory_only_requires_poc016_support_selection,,false,not_available,-3320,false,
pa_general_2002__acs5_2011,pa_general_2002,2002-11-05,historical_training,general_election_day,2002-11-05,pa_lrc_2021_release_1b_geography,pa_senate_2001_final,acs5_2011,ACS 5-year detailed tables,2007-01-01,2011-12-31,2012-12-06,exact_day,2012-12-06,2012-12-06,B01003_001E/B01003_001M,acs5_2011_block_group,total_population,inventoried,inventory_only_requires_poc016_support_selection,,false,not_available,-3684,false,
pa_general_2002__acs5_2012,pa_general_2002,2002-11-05,historical_training,general_election_day,2002-11-05,pa_lrc_2021_release_1b_geography,pa_senate_2001_final,acs5_2012,ACS 5-year detailed tables,2008-01-01,2012-12-31,2013-12-17,exact_day,2013-12-17,2013-12-17,B01003_001E/B01003_001M,acs5_2012_block_group,total_population,inventoried,inventory_only_requires_poc016_support_selection,,false,not_available,-4060,false,
pa_general_2002__acs5_2013,pa_general_2002,2002-11-05,historical_training,general_election_day,2002-11-05,pa_lrc_2021_release_1b_geography,pa_senate_2001_final,acs5_2013,ACS 5-year detailed tables,2009-01-01,2013-12-31,2014-12-04,exact_day,2014-12-04,2014-12-04,B01003_001E/B01003_001M,acs5_2013_block_group,total_population,inventoried,inventory_only_requires_poc016_support_selection,,false,not_available,-4412,false,
pa_general_2002__acs5_2014,pa_general_2002,2002-11-05,historical_training,general_election_day,2002-11-05,pa_lrc_2021_release_1b_geography,pa_senate_2001_final,acs5_2014,ACS 5-year detailed tables,2010-01-01,2014-12-31,2015-12-03,exact_day,2015-12-03,2015-12-03,B01003_001E/B01003_001M,acs5_2014_block_group,total_population,inventoried,inventory_only_requires_poc016_support_selection,,false,not_available,-4776,false,
pa_general_2002__acs5_2015,pa_general_2002,2002-11-05,historical_training,general_election_day,2002-11-05,pa_lrc_2021_release_1b_geography,pa_senate_2001_final,acs5_2015,ACS 5-year detailed tables,2011-01-01,2015-12-31,2016-12-08,exact_day,2016-12-08,2016-12-08,B01003_001E/B01003_001M,acs5_2015_block_group,total_population,inventoried,representative_statewide_method_proven,census2010_population_atomic_acs5_2015_v1,false,not_available,-5147,false,
pa_general_2002__acs5_2016,pa_general_2002,2002-11-05,historical_training,general_election_day,2002-11-05,pa_lrc_2021_release_1b_geography,pa_senate_2001_final,acs5_2016,ACS 5-year detailed tables,2012-01-01,2016-12-31,2017-12-07,exact_day,2017-12-07,2017-12-07,B01003_001E/B01003_001M,acs5_2016_block_group,total_population,inventoried,inventory_only_requires_poc016_support_selection,,false,not_available,-5511,false,
pa_general_2002__acs5_2017,pa_general_2002,2002-11-05,historical_training,general_election_day,2002-11-05,pa_lrc_2021_release_1b_geography,pa_senate_2001_final,acs5_2017,ACS 5-year detailed tables,2013-01-01,2017-12-31,2018-12-06,exact_day,2018-12-06,2018-12-06,B01003_001E/B01003_001M,acs5_2017_block_group,total_population,inventoried,inventory_only_requires_poc016_support_selection,,false,not_available,-5875,false,
pa_general_2002__acs5_2018,pa_general_2002,2002-11-05,historical_training,general_election_day,2002-11-05,pa_lrc_2021_release_1b_geography,pa_senate_2001_final,acs5_2018,ACS 5-year detailed tables,2014-01-01,2018-12-31,2019-12-19,exact_day,2019-12-19,2019-12-19,B01003_001E/B01003_001M,acs5_2018_block_group,total_population,inventoried,inventory_only_requires_poc016_support_selection,,false,not_available,-6253,false,
pa_general_2002__acs5_2019,pa_general_2002,2002-11-05,historical_training,general_election_day,2002-11-05,pa_lrc_2021_release_1b_geography,pa_senate_2001_final,acs5_2019,ACS 5-year detailed tables,2015-01-01,2019-12-31,2020-12-10,exact_day,2020-12-10,2020-12-10,B01003_001E/B01003_001M,acs5_2019_block_group,total_population,inventoried,inventory_only_requires_poc016_support_selection,,false,not_available,-6610,false,
pa_general_2002__acs5_2020,pa_general_2002,2002-11-05,historical_training,general_election_day,2002-11-05,pa_lrc_2021_release_1b_geography,pa_senate_2001_final,acs5_2020,ACS 5-year detailed tables,2016-01-01,2020-12-31,2022-03-17,exact_day,2022-03-17,2022-03-17,B01003_001E/B01003_001M,acs5_2020_block_group,total_population,inventoried,inventory_only_requires_poc016_support_selection,,false,not_available,-7072,false,
pa_general_2002__acs5_2021,pa_general_2002,2002-11-05,historical_training,general_election_day,2002-11-05,pa_lrc_2021_release_1b_geography,pa_senate_2001_final,acs5_2021,ACS 5-year detailed tables,2017-01-01,2021-12-31,2022-12-08,exact_day,2022-12-08,2022-12-08,B01003_001E/B01003_001M,acs5_2021_block_group,total_population,inventoried,inventory_only_requires_poc016_support_selection,,false,not_available,-7338,false,
pa_general_2002__acs5_2022,pa_general_2002,2002-11-05,historical_training,general_election_day,2002-11-05,pa_lrc_2021_release_1b_geography,pa_senate_2001_final,acs5_2022,ACS 5-year detailed tables,2018-01-01,2022-12-31,2023-12-07,exact_day,2023-12-07,2023-12-07,B01003_001E/B01003_001M,acs5_2022_block_group,total_population,inventoried,inventory_only_requires_poc016_support_selection,,false,not_available,-7702,false,
pa_general_2002__acs5_2023,pa_general_2002,2002-11-05,historical_training,general_election_day,2002-11-05,pa_lrc_2021_release_1b_geography,pa_senate_2001_final,acs5_2023,ACS 5-year detailed tables,2019-01-01,2023-12-31,2024-12-12,exact_day,2024-12-12,2024-12-12,B01003_001E/B01003_001M,acs5_2023_block_group,total_population,inventoried,inventory_only_requires_poc016_support_selection,,false,not_available,-8073,false,
pa_general_2002__acs5_2024,pa_general_2002,2002-11-05,historical_training,general_election_day,2002-11-05,pa_lrc_2021_release_1b_geography,pa_senate_2001_final,acs5_2024,ACS 5-year detailed tables,2020-01-01,2024-12-31,2026-01-29,exact_day,2026-01-29,2026-01-29,B01003_001E/B01003_001M,acs5_2024_block_group,total_population,inventoried,inventory_only_requires_poc016_support_selection,,false,not_available,-8486,false,
pa_general_2002__dec_1990,pa_general_2002,2002-11-05,historical_training,general_election_day,2002-11-05,pa_lrc_2021_release_1b_geography,pa_senate_2001_final,dec_1990,1990 Census STF 1B POP100,1990-04-01,1990-04-01,1991,year_only,1991-01-01,1991-12-31,total_population,census_block,standard_total_population,statewide_proven,statewide_result_proven,relationship_tiger_face_area_1990_v1,true,available,,true,exact Pennsylvania release day unresolved; year bounds still classify this cutoff
pa_general_2002__dec_2000,pa_general_2002,2002-11-05,historical_training,general_election_day,2002-11-05,pa_lrc_2021_release_1b_geography,pa_senate_2001_final,dec_2000,Census 2000 PL 94-171,2000-04-01,2000-04-01,2001-03-09,exact_day,2001-03-09,2001-03-09,P0010001/PL001001,census_block,standard_total_population,statewide_proven,statewide_result_proven,relationship_atomic_area_2000_v1,true,available,606,true,
pa_general_2002__dec_2010,pa_general_2002,2002-11-05,historical_training,general_election_day,2002-11-05,pa_lrc_2021_release_1b_geography,pa_senate_2001_final,dec_2010,2010 Census PL 94-171,2010-04-01,2010-04-01,2011-03-09,exact_day,2011-03-09,2011-03-09,P0010001,census_block,standard_total_population,statewide_proven,statewide_result_proven,relationship_atomic_area_2010_v1,false,not_available,-3046,false,
pa_general_2002__dec_2020,pa_general_2002,2002-11-05,historical_training,general_election_day,2002-11-05,pa_lrc_2021_release_1b_geography,pa_senate_2001_final,dec_2020,2020 Census PL 94-171,2020-04-01,2020-04-01,2021-08-12,exact_day,2021-08-12,2021-08-12,P0010001,census_block,standard_total_population,statewide_proven,statewide_result_proven,lrc_published_split_v1,false,not_available,-6855,false,
pa_general_2004__acs5_2009,pa_general_2004,2004-11-02,historical_training,general_election_day,2004-11-02,pa_lrc_2021_release_1b_geography,pa_senate_2001_final,acs5_2009,ACS 5-year detailed tables,2005-01-01,2009-12-31,2010-12-14,exact_day,2010-12-14,2010-12-14,B01003_001E/B01003_001M,acs5_2009_block_group,total_population,inventoried,inventory_only_requires_poc016_support_selection,,false,not_available,-2233,false,
pa_general_2004__acs5_2010,pa_general_2004,2004-11-02,historical_training,general_election_day,2004-11-02,pa_lrc_2021_release_1b_geography,pa_senate_2001_final,acs5_2010,ACS 5-year detailed tables,2006-01-01,2010-12-31,2011-12-08,exact_day,2011-12-08,2011-12-08,B01003_001E/B01003_001M,acs5_2010_block_group,total_population,inventoried,inventory_only_requires_poc016_support_selection,,false,not_available,-2592,false,
pa_general_2004__acs5_2011,pa_general_2004,2004-11-02,historical_training,general_election_day,2004-11-02,pa_lrc_2021_release_1b_geography,pa_senate_2001_final,acs5_2011,ACS 5-year detailed tables,2007-01-01,2011-12-31,2012-12-06,exact_day,2012-12-06,2012-12-06,B01003_001E/B01003_001M,acs5_2011_block_group,total_population,inventoried,inventory_only_requires_poc016_support_selection,,false,not_available,-2956,false,
pa_general_2004__acs5_2012,pa_general_2004,2004-11-02,historical_training,general_election_day,2004-11-02,pa_lrc_2021_release_1b_geography,pa_senate_2001_final,acs5_2012,ACS 5-year detailed tables,2008-01-01,2012-12-31,2013-12-17,exact_day,2013-12-17,2013-12-17,B01003_001E/B01003_001M,acs5_2012_block_group,total_population,inventoried,inventory_only_requires_poc016_support_selection,,false,not_available,-3332,false,
pa_general_2004__acs5_2013,pa_general_2004,2004-11-02,historical_training,general_election_day,2004-11-02,pa_lrc_2021_release_1b_geography,pa_senate_2001_final,acs5_2013,ACS 5-year detailed tables,2009-01-01,2013-12-31,2014-12-04,exact_day,2014-12-04,2014-12-04,B01003_001E/B01003_001M,acs5_2013_block_group,total_population,inventoried,inventory_only_requires_poc016_support_selection,,false,not_available,-3684,false,
pa_general_2004__acs5_2014,pa_general_2004,2004-11-02,historical_training,general_election_day,2004-11-02,pa_lrc_2021_release_1b_geography,pa_senate_2001_final,acs5_2014,ACS 5-year detailed tables,2010-01-01,2014-12-31,2015-12-03,exact_day,2015-12-03,2015-12-03,B01003_001E/B01003_001M,acs5_2014_block_group,total_population,inventoried,inventory_only_requires_poc016_support_selection,,false,not_available,-4048,false,
pa_general_2004__acs5_2015,pa_general_2004,2004-11-02,historical_training,general_election_day,2004-11-02,pa_lrc_2021_release_1b_geography,pa_senate_2001_final,acs5_2015,ACS 5-year detailed tables,2011-01-01,2015-12-31,2016-12-08,exact_day,2016-12-08,2016-12-08,B01003_001E/B01003_001M,acs5_2015_block_group,total_population,inventoried,representative_statewide_method_proven,census2010_population_atomic_acs5_2015_v1,false,not_available,-4419,false,
pa_general_2004__acs5_2016,pa_general_2004,2004-11-02,historical_training,general_election_day,2004-11-02,pa_lrc_2021_release_1b_geography,pa_senate_2001_final,acs5_2016,ACS 5-year detailed tables,2012-01-01,2016-12-31,2017-12-07,exact_day,2017-12-07,2017-12-07,B01003_001E/B01003_001M,acs5_2016_block_group,total_population,inventoried,inventory_only_requires_poc016_support_selection,,false,not_available,-4783,false,
pa_general_2004__acs5_2017,pa_general_2004,2004-11-02,historical_training,general_election_day,2004-11-02,pa_lrc_2021_release_1b_geography,pa_senate_2001_final,acs5_2017,ACS 5-year detailed tables,2013-01-01,2017-12-31,2018-12-06,exact_day,2018-12-06,2018-12-06,B01003_001E/B01003_001M,acs5_2017_block_group,total_population,inventoried,inventory_only_requires_poc016_support_selection,,false,not_available,-5147,false,
pa_general_2004__acs5_2018,pa_general_2004,2004-11-02,historical_training,general_election_day,2004-11-02,pa_lrc_2021_release_1b_geography,pa_senate_2001_final,acs5_2018,ACS 5-year detailed tables,2014-01-01,2018-12-31,2019-12-19,exact_day,2019-12-19,2019-12-19,B01003_001E/B01003_001M,acs5_2018_block_group,total_population,inventoried,inventory_only_requires_poc016_support_selection,,false,not_available,-5525,false,
pa_general_2004__acs5_2019,pa_general_2004,2004-11-02,historical_training,general_election_day,2004-11-02,pa_lrc_2021_release_1b_geography,pa_senate_2001_final,acs5_2019,ACS 5-year detailed tables,2015-01-01,2019-12-31,2020-12-10,exact_day,2020-12-10,2020-12-10,B01003_001E/B01003_001M,acs5_2019_block_group,total_population,inventoried,inventory_only_requires_poc016_support_selection,,false,not_available,-5882,false,
pa_general_2004__acs5_2020,pa_general_2004,2004-11-02,historical_training,general_election_day,2004-11-02,pa_lrc_2021_release_1b_geography,pa_senate_2001_final,acs5_2020,ACS 5-year detailed tables,2016-01-01,2020-12-31,2022-03-17,exact_day,2022-03-17,2022-03-17,B01003_001E/B01003_001M,acs5_2020_block_group,total_population,inventoried,inventory_only_requires_poc016_support_selection,,false,not_available,-6344,false,
pa_general_2004__acs5_2021,pa_general_2004,2004-11-02,historical_training,general_election_day,2004-11-02,pa_lrc_2021_release_1b_geography,pa_senate_2001_final,acs5_2021,ACS 5-year detailed tables,2017-01-01,2021-12-31,2022-12-08,exact_day,2022-12-08,2022-12-08,B01003_001E/B01003_001M,acs5_2021_block_group,total_population,inventoried,inventory_only_requires_poc016_support_selection,,false,not_available,-6610,false,
pa_general_2004__acs5_2022,pa_general_2004,2004-11-02,historical_training,general_election_day,2004-11-02,pa_lrc_2021_release_1b_geography,pa_senate_2001_final,acs5_2022,ACS 5-year detailed tables,2018-01-01,2022-12-31,2023-12-07,exact_day,2023-12-07,2023-12-07,B01003_001E/B01003_001M,acs5_2022_block_group,total_population,inventoried,inventory_only_requires_poc016_support_selection,,false,not_available,-6974,false,
pa_general_2004__acs5_2023,pa_general_2004,2004-11-02,historical_training,general_election_day,2004-11-02,pa_lrc_2021_release_1b_geography,pa_senate_2001_final,acs5_2023,ACS 5-year detailed tables,2019-01-01,2023-12-31,2024-12-12,exact_day,2024-12-12,2024-12-12,B01003_001E/B01003_001M,acs5_2023_block_group,total_population,inventoried,inventory_only_requires_poc016_support_selection,,false,not_available,-7345,false,
pa_general_2004__acs5_2024,pa_general_2004,2004-11-02,historical_training,general_election_day,2004-11-02,pa_lrc_2021_release_1b_geography,pa_senate_2001_final,acs5_2024,ACS 5-year detailed tables,2020-01-01,2024-12-31,2026-01-29,exact_day,2026-01-29,2026-01-29,B01003_001E/B01003_001M,acs5_2024_block_group,total_population,inventoried,inventory_only_requires_poc016_support_selection,,false,not_available,-7758,false,
pa_general_2004__dec_1990,pa_general_2004,2004-11-02,historical_training,general_election_day,2004-11-02,pa_lrc_2021_release_1b_geography,pa_senate_2001_final,dec_1990,1990 Census STF 1B POP100,1990-04-01,1990-04-01,1991,year_only,1991-01-01,1991-12-31,total_population,census_block,standard_total_population,statewide_proven,statewide_result_proven,relationship_tiger_face_area_1990_v1,true,available,,true,exact Pennsylvania release day unresolved; year bounds still classify this cutoff
pa_general_2004__dec_2000,pa_general_2004,2004-11-02,historical_training,general_election_day,2004-11-02,pa_lrc_2021_release_1b_geography,pa_senate_2001_final,dec_2000,Census 2000 PL 94-171,2000-04-01,2000-04-01,2001-03-09,exact_day,2001-03-09,2001-03-09,P0010001/PL001001,census_block,standard_total_population,statewide_proven,statewide_result_proven,relationship_atomic_area_2000_v1,true,available,1334,true,
pa_general_2004__dec_2010,pa_general_2004,2004-11-02,historical_training,general_election_day,2004-11-02,pa_lrc_2021_release_1b_geography,pa_senate_2001_final,dec_2010,2010 Census PL 94-171,2010-04-01,2010-04-01,2011-03-09,exact_day,2011-03-09,2011-03-09,P0010001,census_block,standard_total_population,statewide_proven,statewide_result_proven,relationship_atomic_area_2010_v1,false,not_available,-2318,false,
pa_general_2004__dec_2020,pa_general_2004,2004-11-02,historical_training,general_election_day,2004-11-02,pa_lrc_2021_release_1b_geography,pa_senate_2001_final,dec_2020,2020 Census PL 94-171,2020-04-01,2020-04-01,2021-08-12,exact_day,2021-08-12,2021-08-12,P0010001,census_block,standard_total_population,statewide_proven,statewide_result_proven,lrc_published_split_v1,false,not_available,-6127,false,
pa_general_2006__acs5_2009,pa_general_2006,2006-11-07,historical_training,general_election_day,2006-11-07,pa_lrc_2021_release_1b_geography,pa_senate_2001_final,acs5_2009,ACS 5-year detailed tables,2005-01-01,2009-12-31,2010-12-14,exact_day,2010-12-14,2010-12-14,B01003_001E/B01003_001M,acs5_2009_block_group,total_population,inventoried,inventory_only_requires_poc016_support_selection,,false,not_available,-1498,false,
pa_general_2006__acs5_2010,pa_general_2006,2006-11-07,historical_training,general_election_day,2006-11-07,pa_lrc_2021_release_1b_geography,pa_senate_2001_final,acs5_2010,ACS 5-year detailed tables,2006-01-01,2010-12-31,2011-12-08,exact_day,2011-12-08,2011-12-08,B01003_001E/B01003_001M,acs5_2010_block_group,total_population,inventoried,inventory_only_requires_poc016_support_selection,,false,not_available,-1857,false,
pa_general_2006__acs5_2011,pa_general_2006,2006-11-07,historical_training,general_election_day,2006-11-07,pa_lrc_2021_release_1b_geography,pa_senate_2001_final,acs5_2011,ACS 5-year detailed tables,2007-01-01,2011-12-31,2012-12-06,exact_day,2012-12-06,2012-12-06,B01003_001E/B01003_001M,acs5_2011_block_group,total_population,inventoried,inventory_only_requires_poc016_support_selection,,false,not_available,-2221,false,
pa_general_2006__acs5_2012,pa_general_2006,2006-11-07,historical_training,general_election_day,2006-11-07,pa_lrc_2021_release_1b_geography,pa_senate_2001_final,acs5_2012,ACS 5-year detailed tables,2008-01-01,2012-12-31,2013-12-17,exact_day,2013-12-17,2013-12-17,B01003_001E/B01003_001M,acs5_2012_block_group,total_population,inventoried,inventory_only_requires_poc016_support_selection,,false,not_available,-2597,false,
pa_general_2006__acs5_2013,pa_general_2006,2006-11-07,historical_training,general_election_day,2006-11-07,pa_lrc_2021_release_1b_geography,pa_senate_2001_final,acs5_2013,ACS 5-year detailed tables,2009-01-01,2013-12-31,2014-12-04,exact_day,2014-12-04,2014-12-04,B01003_001E/B01003_001M,acs5_2013_block_group,total_population,inventoried,inventory_only_requires_poc016_support_selection,,false,not_available,-2949,false,
pa_general_2006__acs5_2014,pa_general_2006,2006-11-07,historical_training,general_election_day,2006-11-07,pa_lrc_2021_release_1b_geography,pa_senate_2001_final,acs5_2014,ACS 5-year detailed tables,2010-01-01,2014-12-31,2015-12-03,exact_day,2015-12-03,2015-12-03,B01003_001E/B01003_001M,acs5_2014_block_group,total_population,inventoried,inventory_only_requires_poc016_support_selection,,false,not_available,-3313,false,
pa_general_2006__acs5_2015,pa_general_2006,2006-11-07,historical_training,general_election_day,2006-11-07,pa_lrc_2021_release_1b_geography,pa_senate_2001_final,acs5_2015,ACS 5-year detailed tables,2011-01-01,2015-12-31,2016-12-08,exact_day,2016-12-08,2016-12-08,B01003_001E/B01003_001M,acs5_2015_block_group,total_population,inventoried,representative_statewide_method_proven,census2010_population_atomic_acs5_2015_v1,false,not_available,-3684,false,
pa_general_2006__acs5_2016,pa_general_2006,2006-11-07,historical_training,general_election_day,2006-11-07,pa_lrc_2021_release_1b_geography,pa_senate_2001_final,acs5_2016,ACS 5-year detailed tables,2012-01-01,2016-12-31,2017-12-07,exact_day,2017-12-07,2017-12-07,B01003_001E/B01003_001M,acs5_2016_block_group,total_population,inventoried,inventory_only_requires_poc016_support_selection,,false,not_available,-4048,false,
pa_general_2006__acs5_2017,pa_general_2006,2006-11-07,historical_training,general_election_day,2006-11-07,pa_lrc_2021_release_1b_geography,pa_senate_2001_final,acs5_2017,ACS 5-year detailed tables,2013-01-01,2017-12-31,2018-12-06,exact_day,2018-12-06,2018-12-06,B01003_001E/B01003_001M,acs5_2017_block_group,total_population,inventoried,inventory_only_requires_poc016_support_selection,,false,not_available,-4412,false,
pa_general_2006__acs5_2018,pa_general_2006,2006-11-07,historical_training,general_election_day,2006-11-07,pa_lrc_2021_release_1b_geography,pa_senate_2001_final,acs5_2018,ACS 5-year detailed tables,2014-01-01,2018-12-31,2019-12-19,exact_day,2019-12-19,2019-12-19,B01003_001E/B01003_001M,acs5_2018_block_group,total_population,inventoried,inventory_only_requires_poc016_support_selection,,false,not_available,-4790,false,
pa_general_2006__acs5_2019,pa_general_2006,2006-11-07,historical_training,general_election_day,2006-11-07,pa_lrc_2021_release_1b_geography,pa_senate_2001_final,acs5_2019,ACS 5-year detailed tables,2015-01-01,2019-12-31,2020-12-10,exact_day,2020-12-10,2020-12-10,B01003_001E/B01003_001M,acs5_2019_block_group,total_population,inventoried,inventory_only_requires_poc016_support_selection,,false,not_available,-5147,false,
pa_general_2006__acs5_2020,pa_general_2006,2006-11-07,historical_training,general_election_day,2006-11-07,pa_lrc_2021_release_1b_geography,pa_senate_2001_final,acs5_2020,ACS 5-year detailed tables,2016-01-01,2020-12-31,2022-03-17,exact_day,2022-03-17,2022-03-17,B01003_001E/B01003_001M,acs5_2020_block_group,total_population,inventoried,inventory_only_requires_poc016_support_selection,,false,not_available,-5609,false,
pa_general_2006__acs5_2021,pa_general_2006,2006-11-07,historical_training,general_election_day,2006-11-07,pa_lrc_2021_release_1b_geography,pa_senate_2001_final,acs5_2021,ACS 5-year detailed tables,2017-01-01,2021-12-31,2022-12-08,exact_day,2022-12-08,2022-12-08,B01003_001E/B01003_001M,acs5_2021_block_group,total_population,inventoried,inventory_only_requires_poc016_support_selection,,false,not_available,-5875,false,
pa_general_2006__acs5_2022,pa_general_2006,2006-11-07,historical_training,general_election_day,2006-11-07,pa_lrc_2021_release_1b_geography,pa_senate_2001_final,acs5_2022,ACS 5-year detailed tables,2018-01-01,2022-12-31,2023-12-07,exact_day,2023-12-07,2023-12-07,B01003_001E/B01003_001M,acs5_2022_block_group,total_population,inventoried,inventory_only_requires_poc016_support_selection,,false,not_available,-6239,false,
pa_general_2006__acs5_2023,pa_general_2006,2006-11-07,historical_training,general_election_day,2006-11-07,pa_lrc_2021_release_1b_geography,pa_senate_2001_final,acs5_2023,ACS 5-year detailed tables,2019-01-01,2023-12-31,2024-12-12,exact_day,2024-12-12,2024-12-12,B01003_001E/B01003_001M,acs5_2023_block_group,total_population,inventoried,inventory_only_requires_poc016_support_selection,,false,not_available,-6610,false,
pa_general_2006__acs5_2024,pa_general_2006,2006-11-07,historical_training,general_election_day,2006-11-07,pa_lrc_2021_release_1b_geography,pa_senate_2001_final,acs5_2024,ACS 5-year detailed tables,2020-01-01,2024-12-31,2026-01-29,exact_day,2026-01-29,2026-01-29,B01003_001E/B01003_001M,acs5_2024_block_group,total_population,inventoried,inventory_only_requires_poc016_support_selection,,false,not_available,-7023,false,
pa_general_2006__dec_1990,pa_general_2006,2006-11-07,historical_training,general_election_day,2006-11-07,pa_lrc_2021_release_1b_geography,pa_senate_2001_final,dec_1990,1990 Census STF 1B POP100,1990-04-01,1990-04-01,1991,year_only,1991-01-01,1991-12-31,total_population,census_block,standard_total_population,statewide_proven,statewide_result_proven,relationship_tiger_face_area_1990_v1,true,available,,true,exact Pennsylvania release day unresolved; year bounds still classify this cutoff
pa_general_2006__dec_2000,pa_general_2006,2006-11-07,historical_training,general_election_day,2006-11-07,pa_lrc_2021_release_1b_geography,pa_senate_2001_final,dec_2000,Census 2000 PL 94-171,2000-04-01,2000-04-01,2001-03-09,exact_day,2001-03-09,2001-03-09,P0010001/PL001001,census_block,standard_total_population,statewide_proven,statewide_result_proven,relationship_atomic_area_2000_v1,true,available,2069,true,
pa_general_2006__dec_2010,pa_general_2006,2006-11-07,historical_training,general_election_day,2006-11-07,pa_lrc_2021_release_1b_geography,pa_senate_2001_final,dec_2010,2010 Census PL 94-171,2010-04-01,2010-04-01,2011-03-09,exact_day,2011-03-09,2011-03-09,P0010001,census_block,standard_total_population,statewide_proven,statewide_result_proven,relationship_atomic_area_2010_v1,false,not_available,-1583,false,
pa_general_2006__dec_2020,pa_general_2006,2006-11-07,historical_training,general_election_day,2006-11-07,pa_lrc_2021_release_1b_geography,pa_senate_2001_final,dec_2020,2020 Census PL 94-171,2020-04-01,2020-04-01,2021-08-12,exact_day,2021-08-12,2021-08-12,P0010001,census_block,standard_total_population,statewide_proven,statewide_result_proven,lrc_published_split_v1,false,not_available,-5392,false,
pa_general_2008__acs5_2009,pa_general_2008,2008-11-04,historical_training,general_election_day,2008-11-04,pa_lrc_2021_release_1b_geography,pa_senate_2001_final,acs5_2009,ACS 5-year detailed tables,2005-01-01,2009-12-31,2010-12-14,exact_day,2010-12-14,2010-12-14,B01003_001E/B01003_001M,acs5_2009_block_group,total_population,inventoried,inventory_only_requires_poc016_support_selection,,false,not_available,-770,false,
pa_general_2008__acs5_2010,pa_general_2008,2008-11-04,historical_training,general_election_day,2008-11-04,pa_lrc_2021_release_1b_geography,pa_senate_2001_final,acs5_2010,ACS 5-year detailed tables,2006-01-01,2010-12-31,2011-12-08,exact_day,2011-12-08,2011-12-08,B01003_001E/B01003_001M,acs5_2010_block_group,total_population,inventoried,inventory_only_requires_poc016_support_selection,,false,not_available,-1129,false,
pa_general_2008__acs5_2011,pa_general_2008,2008-11-04,historical_training,general_election_day,2008-11-04,pa_lrc_2021_release_1b_geography,pa_senate_2001_final,acs5_2011,ACS 5-year detailed tables,2007-01-01,2011-12-31,2012-12-06,exact_day,2012-12-06,2012-12-06,B01003_001E/B01003_001M,acs5_2011_block_group,total_population,inventoried,inventory_only_requires_poc016_support_selection,,false,not_available,-1493,false,
pa_general_2008__acs5_2012,pa_general_2008,2008-11-04,historical_training,general_election_day,2008-11-04,pa_lrc_2021_release_1b_geography,pa_senate_2001_final,acs5_2012,ACS 5-year detailed tables,2008-01-01,2012-12-31,2013-12-17,exact_day,2013-12-17,2013-12-17,B01003_001E/B01003_001M,acs5_2012_block_group,total_population,inventoried,inventory_only_requires_poc016_support_selection,,false,not_available,-1869,false,
pa_general_2008__acs5_2013,pa_general_2008,2008-11-04,historical_training,general_election_day,2008-11-04,pa_lrc_2021_release_1b_geography,pa_senate_2001_final,acs5_2013,ACS 5-year detailed tables,2009-01-01,2013-12-31,2014-12-04,exact_day,2014-12-04,2014-12-04,B01003_001E/B01003_001M,acs5_2013_block_group,total_population,inventoried,inventory_only_requires_poc016_support_selection,,false,not_available,-2221,false,
pa_general_2008__acs5_2014,pa_general_2008,2008-11-04,historical_training,general_election_day,2008-11-04,pa_lrc_2021_release_1b_geography,pa_senate_2001_final,acs5_2014,ACS 5-year detailed tables,2010-01-01,2014-12-31,2015-12-03,exact_day,2015-12-03,2015-12-03,B01003_001E/B01003_001M,acs5_2014_block_group,total_population,inventoried,inventory_only_requires_poc016_support_selection,,false,not_available,-2585,false,
pa_general_2008__acs5_2015,pa_general_2008,2008-11-04,historical_training,general_election_day,2008-11-04,pa_lrc_2021_release_1b_geography,pa_senate_2001_final,acs5_2015,ACS 5-year detailed tables,2011-01-01,2015-12-31,2016-12-08,exact_day,2016-12-08,2016-12-08,B01003_001E/B01003_001M,acs5_2015_block_group,total_population,inventoried,representative_statewide_method_proven,census2010_population_atomic_acs5_2015_v1,false,not_available,-2956,false,
pa_general_2008__acs5_2016,pa_general_2008,2008-11-04,historical_training,general_election_day,2008-11-04,pa_lrc_2021_release_1b_geography,pa_senate_2001_final,acs5_2016,ACS 5-year detailed tables,2012-01-01,2016-12-31,2017-12-07,exact_day,2017-12-07,2017-12-07,B01003_001E/B01003_001M,acs5_2016_block_group,total_population,inventoried,inventory_only_requires_poc016_support_selection,,false,not_available,-3320,false,
pa_general_2008__acs5_2017,pa_general_2008,2008-11-04,historical_training,general_election_day,2008-11-04,pa_lrc_2021_release_1b_geography,pa_senate_2001_final,acs5_2017,ACS 5-year detailed tables,2013-01-01,2017-12-31,2018-12-06,exact_day,2018-12-06,2018-12-06,B01003_001E/B01003_001M,acs5_2017_block_group,total_population,inventoried,inventory_only_requires_poc016_support_selection,,false,not_available,-3684,false,
pa_general_2008__acs5_2018,pa_general_2008,2008-11-04,historical_training,general_election_day,2008-11-04,pa_lrc_2021_release_1b_geography,pa_senate_2001_final,acs5_2018,ACS 5-year detailed tables,2014-01-01,2018-12-31,2019-12-19,exact_day,2019-12-19,2019-12-19,B01003_001E/B01003_001M,acs5_2018_block_group,total_population,inventoried,inventory_only_requires_poc016_support_selection,,false,not_available,-4062,false,
pa_general_2008__acs5_2019,pa_general_2008,2008-11-04,historical_training,general_election_day,2008-11-04,pa_lrc_2021_release_1b_geography,pa_senate_2001_final,acs5_2019,ACS 5-year detailed tables,2015-01-01,2019-12-31,2020-12-10,exact_day,2020-12-10,2020-12-10,B01003_001E/B01003_001M,acs5_2019_block_group,total_population,inventoried,inventory_only_requires_poc016_support_selection,,false,not_available,-4419,false,
pa_general_2008__acs5_2020,pa_general_2008,2008-11-04,historical_training,general_election_day,2008-11-04,pa_lrc_2021_release_1b_geography,pa_senate_2001_final,acs5_2020,ACS 5-year detailed tables,2016-01-01,2020-12-31,2022-03-17,exact_day,2022-03-17,2022-03-17,B01003_001E/B01003_001M,acs5_2020_block_group,total_population,inventoried,inventory_only_requires_poc016_support_selection,,false,not_available,-4881,false,
pa_general_2008__acs5_2021,pa_general_2008,2008-11-04,historical_training,general_election_day,2008-11-04,pa_lrc_2021_release_1b_geography,pa_senate_2001_final,acs5_2021,ACS 5-year detailed tables,2017-01-01,2021-12-31,2022-12-08,exact_day,2022-12-08,2022-12-08,B01003_001E/B01003_001M,acs5_2021_block_group,total_population,inventoried,inventory_only_requires_poc016_support_selection,,false,not_available,-5147,false,
pa_general_2008__acs5_2022,pa_general_2008,2008-11-04,historical_training,general_election_day,2008-11-04,pa_lrc_2021_release_1b_geography,pa_senate_2001_final,acs5_2022,ACS 5-year detailed tables,2018-01-01,2022-12-31,2023-12-07,exact_day,2023-12-07,2023-12-07,B01003_001E/B01003_001M,acs5_2022_block_group,total_population,inventoried,inventory_only_requires_poc016_support_selection,,false,not_available,-5511,false,
pa_general_2008__acs5_2023,pa_general_2008,2008-11-04,historical_training,general_election_day,2008-11-04,pa_lrc_2021_release_1b_geography,pa_senate_2001_final,acs5_2023,ACS 5-year detailed tables,2019-01-01,2023-12-31,2024-12-12,exact_day,2024-12-12,2024-12-12,B01003_001E/B01003_001M,acs5_2023_block_group,total_population,inventoried,inventory_only_requires_poc016_support_selection,,false,not_available,-5882,false,
pa_general_2008__acs5_2024,pa_general_2008,2008-11-04,historical_training,general_election_day,2008-11-04,pa_lrc_2021_release_1b_geography,pa_senate_2001_final,acs5_2024,ACS 5-year detailed tables,2020-01-01,2024-12-31,2026-01-29,exact_day,2026-01-29,2026-01-29,B01003_001E/B01003_001M,acs5_2024_block_group,total_population,inventoried,inventory_only_requires_poc016_support_selection,,false,not_available,-6295,false,
pa_general_2008__dec_1990,pa_general_2008,2008-11-04,historical_training,general_election_day,2008-11-04,pa_lrc_2021_release_1b_geography,pa_senate_2001_final,dec_1990,1990 Census STF 1B POP100,1990-04-01,1990-04-01,1991,year_only,1991-01-01,1991-12-31,total_population,census_block,standard_total_population,statewide_proven,statewide_result_proven,relationship_tiger_face_area_1990_v1,true,available,,true,exact Pennsylvania release day unresolved; year bounds still classify this cutoff
pa_general_2008__dec_2000,pa_general_2008,2008-11-04,historical_training,general_election_day,2008-11-04,pa_lrc_2021_release_1b_geography,pa_senate_2001_final,dec_2000,Census 2000 PL 94-171,2000-04-01,2000-04-01,2001-03-09,exact_day,2001-03-09,2001-03-09,P0010001/PL001001,census_block,standard_total_population,statewide_proven,statewide_result_proven,relationship_atomic_area_2000_v1,true,available,2797,true,
pa_general_2008__dec_2010,pa_general_2008,2008-11-04,historical_training,general_election_day,2008-11-04,pa_lrc_2021_release_1b_geography,pa_senate_2001_final,dec_2010,2010 Census PL 94-171,2010-04-01,2010-04-01,2011-03-09,exact_day,2011-03-09,2011-03-09,P0010001,census_block,standard_total_population,statewide_proven,statewide_result_proven,relationship_atomic_area_2010_v1,false,not_available,-855,false,
pa_general_2008__dec_2020,pa_general_2008,2008-11-04,historical_training,general_election_day,2008-11-04,pa_lrc_2021_release_1b_geography,pa_senate_2001_final,dec_2020,2020 Census PL 94-171,2020-04-01,2020-04-01,2021-08-12,exact_day,2021-08-12,2021-08-12,P0010001,census_block,standard_total_population,statewide_proven,statewide_result_proven,lrc_published_split_v1,false,not_available,-4664,false,
pa_general_2010__acs5_2009,pa_general_2010,2010-11-02,historical_training,general_election_day,2010-11-02,pa_lrc_2021_release_1b_geography,pa_senate_2001_final,acs5_2009,ACS 5-year detailed tables,2005-01-01,2009-12-31,2010-12-14,exact_day,2010-12-14,2010-12-14,B01003_001E/B01003_001M,acs5_2009_block_group,total_population,inventoried,inventory_only_requires_poc016_support_selection,,true,not_available,-42,false,
pa_general_2010__acs5_2010,pa_general_2010,2010-11-02,historical_training,general_election_day,2010-11-02,pa_lrc_2021_release_1b_geography,pa_senate_2001_final,acs5_2010,ACS 5-year detailed tables,2006-01-01,2010-12-31,2011-12-08,exact_day,2011-12-08,2011-12-08,B01003_001E/B01003_001M,acs5_2010_block_group,total_population,inventoried,inventory_only_requires_poc016_support_selection,,false,not_available,-401,false,
pa_general_2010__acs5_2011,pa_general_2010,2010-11-02,historical_training,general_election_day,2010-11-02,pa_lrc_2021_release_1b_geography,pa_senate_2001_final,acs5_2011,ACS 5-year detailed tables,2007-01-01,2011-12-31,2012-12-06,exact_day,2012-12-06,2012-12-06,B01003_001E/B01003_001M,acs5_2011_block_group,total_population,inventoried,inventory_only_requires_poc016_support_selection,,false,not_available,-765,false,
pa_general_2010__acs5_2012,pa_general_2010,2010-11-02,historical_training,general_election_day,2010-11-02,pa_lrc_2021_release_1b_geography,pa_senate_2001_final,acs5_2012,ACS 5-year detailed tables,2008-01-01,2012-12-31,2013-12-17,exact_day,2013-12-17,2013-12-17,B01003_001E/B01003_001M,acs5_2012_block_group,total_population,inventoried,inventory_only_requires_poc016_support_selection,,false,not_available,-1141,false,
pa_general_2010__acs5_2013,pa_general_2010,2010-11-02,historical_training,general_election_day,2010-11-02,pa_lrc_2021_release_1b_geography,pa_senate_2001_final,acs5_2013,ACS 5-year detailed tables,2009-01-01,2013-12-31,2014-12-04,exact_day,2014-12-04,2014-12-04,B01003_001E/B01003_001M,acs5_2013_block_group,total_population,inventoried,inventory_only_requires_poc016_support_selection,,false,not_available,-1493,false,
pa_general_2010__acs5_2014,pa_general_2010,2010-11-02,historical_training,general_election_day,2010-11-02,pa_lrc_2021_release_1b_geography,pa_senate_2001_final,acs5_2014,ACS 5-year detailed tables,2010-01-01,2014-12-31,2015-12-03,exact_day,2015-12-03,2015-12-03,B01003_001E/B01003_001M,acs5_2014_block_group,total_population,inventoried,inventory_only_requires_poc016_support_selection,,false,not_available,-1857,false,
pa_general_2010__acs5_2015,pa_general_2010,2010-11-02,historical_training,general_election_day,2010-11-02,pa_lrc_2021_release_1b_geography,pa_senate_2001_final,acs5_2015,ACS 5-year detailed tables,2011-01-01,2015-12-31,2016-12-08,exact_day,2016-12-08,2016-12-08,B01003_001E/B01003_001M,acs5_2015_block_group,total_population,inventoried,representative_statewide_method_proven,census2010_population_atomic_acs5_2015_v1,false,not_available,-2228,false,
pa_general_2010__acs5_2016,pa_general_2010,2010-11-02,historical_training,general_election_day,2010-11-02,pa_lrc_2021_release_1b_geography,pa_senate_2001_final,acs5_2016,ACS 5-year detailed tables,2012-01-01,2016-12-31,2017-12-07,exact_day,2017-12-07,2017-12-07,B01003_001E/B01003_001M,acs5_2016_block_group,total_population,inventoried,inventory_only_requires_poc016_support_selection,,false,not_available,-2592,false,
pa_general_2010__acs5_2017,pa_general_2010,2010-11-02,historical_training,general_election_day,2010-11-02,pa_lrc_2021_release_1b_geography,pa_senate_2001_final,acs5_2017,ACS 5-year detailed tables,2013-01-01,2017-12-31,2018-12-06,exact_day,2018-12-06,2018-12-06,B01003_001E/B01003_001M,acs5_2017_block_group,total_population,inventoried,inventory_only_requires_poc016_support_selection,,false,not_available,-2956,false,
pa_general_2010__acs5_2018,pa_general_2010,2010-11-02,historical_training,general_election_day,2010-11-02,pa_lrc_2021_release_1b_geography,pa_senate_2001_final,acs5_2018,ACS 5-year detailed tables,2014-01-01,2018-12-31,2019-12-19,exact_day,2019-12-19,2019-12-19,B01003_001E/B01003_001M,acs5_2018_block_group,total_population,inventoried,inventory_only_requires_poc016_support_selection,,false,not_available,-3334,false,
pa_general_2010__acs5_2019,pa_general_2010,2010-11-02,historical_training,general_election_day,2010-11-02,pa_lrc_2021_release_1b_geography,pa_senate_2001_final,acs5_2019,ACS 5-year detailed tables,2015-01-01,2019-12-31,2020-12-10,exact_day,2020-12-10,2020-12-10,B01003_001E/B01003_001M,acs5_2019_block_group,total_population,inventoried,inventory_only_requires_poc016_support_selection,,false,not_available,-3691,false,
pa_general_2010__acs5_2020,pa_general_2010,2010-11-02,historical_training,general_election_day,2010-11-02,pa_lrc_2021_release_1b_geography,pa_senate_2001_final,acs5_2020,ACS 5-year detailed tables,2016-01-01,2020-12-31,2022-03-17,exact_day,2022-03-17,2022-03-17,B01003_001E/B01003_001M,acs5_2020_block_group,total_population,inventoried,inventory_only_requires_poc016_support_selection,,false,not_available,-4153,false,
pa_general_2010__acs5_2021,pa_general_2010,2010-11-02,historical_training,general_election_day,2010-11-02,pa_lrc_2021_release_1b_geography,pa_senate_2001_final,acs5_2021,ACS 5-year detailed tables,2017-01-01,2021-12-31,2022-12-08,exact_day,2022-12-08,2022-12-08,B01003_001E/B01003_001M,acs5_2021_block_group,total_population,inventoried,inventory_only_requires_poc016_support_selection,,false,not_available,-4419,false,
pa_general_2010__acs5_2022,pa_general_2010,2010-11-02,historical_training,general_election_day,2010-11-02,pa_lrc_2021_release_1b_geography,pa_senate_2001_final,acs5_2022,ACS 5-year detailed tables,2018-01-01,2022-12-31,2023-12-07,exact_day,2023-12-07,2023-12-07,B01003_001E/B01003_001M,acs5_2022_block_group,total_population,inventoried,inventory_only_requires_poc016_support_selection,,false,not_available,-4783,false,
pa_general_2010__acs5_2023,pa_general_2010,2010-11-02,historical_training,general_election_day,2010-11-02,pa_lrc_2021_release_1b_geography,pa_senate_2001_final,acs5_2023,ACS 5-year detailed tables,2019-01-01,2023-12-31,2024-12-12,exact_day,2024-12-12,2024-12-12,B01003_001E/B01003_001M,acs5_2023_block_group,total_population,inventoried,inventory_only_requires_poc016_support_selection,,false,not_available,-5154,false,
pa_general_2010__acs5_2024,pa_general_2010,2010-11-02,historical_training,general_election_day,2010-11-02,pa_lrc_2021_release_1b_geography,pa_senate_2001_final,acs5_2024,ACS 5-year detailed tables,2020-01-01,2024-12-31,2026-01-29,exact_day,2026-01-29,2026-01-29,B01003_001E/B01003_001M,acs5_2024_block_group,total_population,inventoried,inventory_only_requires_poc016_support_selection,,false,not_available,-5567,false,
pa_general_2010__dec_1990,pa_general_2010,2010-11-02,historical_training,general_election_day,2010-11-02,pa_lrc_2021_release_1b_geography,pa_senate_2001_final,dec_1990,1990 Census STF 1B POP100,1990-04-01,1990-04-01,1991,year_only,1991-01-01,1991-12-31,total_population,census_block,standard_total_population,statewide_proven,statewide_result_proven,relationship_tiger_face_area_1990_v1,true,available,,true,exact Pennsylvania release day unresolved; year bounds still classify this cutoff
pa_general_2010__dec_2000,pa_general_2010,2010-11-02,historical_training,general_election_day,2010-11-02,pa_lrc_2021_release_1b_geography,pa_senate_2001_final,dec_2000,Census 2000 PL 94-171,2000-04-01,2000-04-01,2001-03-09,exact_day,2001-03-09,2001-03-09,P0010001/PL001001,census_block,standard_total_population,statewide_proven,statewide_result_proven,relationship_atomic_area_2000_v1,true,available,3525,true,
pa_general_2010__dec_2010,pa_general_2010,2010-11-02,historical_training,general_election_day,2010-11-02,pa_lrc_2021_release_1b_geography,pa_senate_2001_final,dec_2010,2010 Census PL 94-171,2010-04-01,2010-04-01,2011-03-09,exact_day,2011-03-09,2011-03-09,P0010001,census_block,standard_total_population,statewide_proven,statewide_result_proven,relationship_atomic_area_2010_v1,true,not_available,-127,false,
pa_general_2010__dec_2020,pa_general_2010,2010-11-02,historical_training,general_election_day,2010-11-02,pa_lrc_2021_release_1b_geography,pa_senate_2001_final,dec_2020,2020 Census PL 94-171,2020-04-01,2020-04-01,2021-08-12,exact_day,2021-08-12,2021-08-12,P0010001,census_block,standard_total_population,statewide_proven,statewide_result_proven,lrc_published_split_v1,false,not_available,-3936,false,
pa_general_2012__acs5_2009,pa_general_2012,2012-11-06,historical_training,general_election_day,2012-11-06,pa_lrc_2021_release_1b_geography,pa_senate_2001_final,acs5_2009,ACS 5-year detailed tables,2005-01-01,2009-12-31,2010-12-14,exact_day,2010-12-14,2010-12-14,B01003_001E/B01003_001M,acs5_2009_block_group,total_population,inventoried,inventory_only_requires_poc016_support_selection,,true,available,693,true,
pa_general_2012__acs5_2010,pa_general_2012,2012-11-06,historical_training,general_election_day,2012-11-06,pa_lrc_2021_release_1b_geography,pa_senate_2001_final,acs5_2010,ACS 5-year detailed tables,2006-01-01,2010-12-31,2011-12-08,exact_day,2011-12-08,2011-12-08,B01003_001E/B01003_001M,acs5_2010_block_group,total_population,inventoried,inventory_only_requires_poc016_support_selection,,true,available,334,true,
pa_general_2012__acs5_2011,pa_general_2012,2012-11-06,historical_training,general_election_day,2012-11-06,pa_lrc_2021_release_1b_geography,pa_senate_2001_final,acs5_2011,ACS 5-year detailed tables,2007-01-01,2011-12-31,2012-12-06,exact_day,2012-12-06,2012-12-06,B01003_001E/B01003_001M,acs5_2011_block_group,total_population,inventoried,inventory_only_requires_poc016_support_selection,,true,not_available,-30,false,
pa_general_2012__acs5_2012,pa_general_2012,2012-11-06,historical_training,general_election_day,2012-11-06,pa_lrc_2021_release_1b_geography,pa_senate_2001_final,acs5_2012,ACS 5-year detailed tables,2008-01-01,2012-12-31,2013-12-17,exact_day,2013-12-17,2013-12-17,B01003_001E/B01003_001M,acs5_2012_block_group,total_population,inventoried,inventory_only_requires_poc016_support_selection,,false,not_available,-406,false,
pa_general_2012__acs5_2013,pa_general_2012,2012-11-06,historical_training,general_election_day,2012-11-06,pa_lrc_2021_release_1b_geography,pa_senate_2001_final,acs5_2013,ACS 5-year detailed tables,2009-01-01,2013-12-31,2014-12-04,exact_day,2014-12-04,2014-12-04,B01003_001E/B01003_001M,acs5_2013_block_group,total_population,inventoried,inventory_only_requires_poc016_support_selection,,false,not_available,-758,false,
pa_general_2012__acs5_2014,pa_general_2012,2012-11-06,historical_training,general_election_day,2012-11-06,pa_lrc_2021_release_1b_geography,pa_senate_2001_final,acs5_2014,ACS 5-year detailed tables,2010-01-01,2014-12-31,2015-12-03,exact_day,2015-12-03,2015-12-03,B01003_001E/B01003_001M,acs5_2014_block_group,total_population,inventoried,inventory_only_requires_poc016_support_selection,,false,not_available,-1122,false,
pa_general_2012__acs5_2015,pa_general_2012,2012-11-06,historical_training,general_election_day,2012-11-06,pa_lrc_2021_release_1b_geography,pa_senate_2001_final,acs5_2015,ACS 5-year detailed tables,2011-01-01,2015-12-31,2016-12-08,exact_day,2016-12-08,2016-12-08,B01003_001E/B01003_001M,acs5_2015_block_group,total_population,inventoried,representative_statewide_method_proven,census2010_population_atomic_acs5_2015_v1,false,not_available,-1493,false,
pa_general_2012__acs5_2016,pa_general_2012,2012-11-06,historical_training,general_election_day,2012-11-06,pa_lrc_2021_release_1b_geography,pa_senate_2001_final,acs5_2016,ACS 5-year detailed tables,2012-01-01,2016-12-31,2017-12-07,exact_day,2017-12-07,2017-12-07,B01003_001E/B01003_001M,acs5_2016_block_group,total_population,inventoried,inventory_only_requires_poc016_support_selection,,false,not_available,-1857,false,
pa_general_2012__acs5_2017,pa_general_2012,2012-11-06,historical_training,general_election_day,2012-11-06,pa_lrc_2021_release_1b_geography,pa_senate_2001_final,acs5_2017,ACS 5-year detailed tables,2013-01-01,2017-12-31,2018-12-06,exact_day,2018-12-06,2018-12-06,B01003_001E/B01003_001M,acs5_2017_block_group,total_population,inventoried,inventory_only_requires_poc016_support_selection,,false,not_available,-2221,false,
pa_general_2012__acs5_2018,pa_general_2012,2012-11-06,historical_training,general_election_day,2012-11-06,pa_lrc_2021_release_1b_geography,pa_senate_2001_final,acs5_2018,ACS 5-year detailed tables,2014-01-01,2018-12-31,2019-12-19,exact_day,2019-12-19,2019-12-19,B01003_001E/B01003_001M,acs5_2018_block_group,total_population,inventoried,inventory_only_requires_poc016_support_selection,,false,not_available,-2599,false,
pa_general_2012__acs5_2019,pa_general_2012,2012-11-06,historical_training,general_election_day,2012-11-06,pa_lrc_2021_release_1b_geography,pa_senate_2001_final,acs5_2019,ACS 5-year detailed tables,2015-01-01,2019-12-31,2020-12-10,exact_day,2020-12-10,2020-12-10,B01003_001E/B01003_001M,acs5_2019_block_group,total_population,inventoried,inventory_only_requires_poc016_support_selection,,false,not_available,-2956,false,
pa_general_2012__acs5_2020,pa_general_2012,2012-11-06,historical_training,general_election_day,2012-11-06,pa_lrc_2021_release_1b_geography,pa_senate_2001_final,acs5_2020,ACS 5-year detailed tables,2016-01-01,2020-12-31,2022-03-17,exact_day,2022-03-17,2022-03-17,B01003_001E/B01003_001M,acs5_2020_block_group,total_population,inventoried,inventory_only_requires_poc016_support_selection,,false,not_available,-3418,false,
pa_general_2012__acs5_2021,pa_general_2012,2012-11-06,historical_training,general_election_day,2012-11-06,pa_lrc_2021_release_1b_geography,pa_senate_2001_final,acs5_2021,ACS 5-year detailed tables,2017-01-01,2021-12-31,2022-12-08,exact_day,2022-12-08,2022-12-08,B01003_001E/B01003_001M,acs5_2021_block_group,total_population,inventoried,inventory_only_requires_poc016_support_selection,,false,not_available,-3684,false,
pa_general_2012__acs5_2022,pa_general_2012,2012-11-06,historical_training,general_election_day,2012-11-06,pa_lrc_2021_release_1b_geography,pa_senate_2001_final,acs5_2022,ACS 5-year detailed tables,2018-01-01,2022-12-31,2023-12-07,exact_day,2023-12-07,2023-12-07,B01003_001E/B01003_001M,acs5_2022_block_group,total_population,inventoried,inventory_only_requires_poc016_support_selection,,false,not_available,-4048,false,
pa_general_2012__acs5_2023,pa_general_2012,2012-11-06,historical_training,general_election_day,2012-11-06,pa_lrc_2021_release_1b_geography,pa_senate_2001_final,acs5_2023,ACS 5-year detailed tables,2019-01-01,2023-12-31,2024-12-12,exact_day,2024-12-12,2024-12-12,B01003_001E/B01003_001M,acs5_2023_block_group,total_population,inventoried,inventory_only_requires_poc016_support_selection,,false,not_available,-4419,false,
pa_general_2012__acs5_2024,pa_general_2012,2012-11-06,historical_training,general_election_day,2012-11-06,pa_lrc_2021_release_1b_geography,pa_senate_2001_final,acs5_2024,ACS 5-year detailed tables,2020-01-01,2024-12-31,2026-01-29,exact_day,2026-01-29,2026-01-29,B01003_001E/B01003_001M,acs5_2024_block_group,total_population,inventoried,inventory_only_requires_poc016_support_selection,,false,not_available,-4832,false,
pa_general_2012__dec_1990,pa_general_2012,2012-11-06,historical_training,general_election_day,2012-11-06,pa_lrc_2021_release_1b_geography,pa_senate_2001_final,dec_1990,1990 Census STF 1B POP100,1990-04-01,1990-04-01,1991,year_only,1991-01-01,1991-12-31,total_population,census_block,standard_total_population,statewide_proven,statewide_result_proven,relationship_tiger_face_area_1990_v1,true,available,,true,exact Pennsylvania release day unresolved; year bounds still classify this cutoff
pa_general_2012__dec_2000,pa_general_2012,2012-11-06,historical_training,general_election_day,2012-11-06,pa_lrc_2021_release_1b_geography,pa_senate_2001_final,dec_2000,Census 2000 PL 94-171,2000-04-01,2000-04-01,2001-03-09,exact_day,2001-03-09,2001-03-09,P0010001/PL001001,census_block,standard_total_population,statewide_proven,statewide_result_proven,relationship_atomic_area_2000_v1,true,available,4260,true,
pa_general_2012__dec_2010,pa_general_2012,2012-11-06,historical_training,general_election_day,2012-11-06,pa_lrc_2021_release_1b_geography,pa_senate_2001_final,dec_2010,2010 Census PL 94-171,2010-04-01,2010-04-01,2011-03-09,exact_day,2011-03-09,2011-03-09,P0010001,census_block,standard_total_population,statewide_proven,statewide_result_proven,relationship_atomic_area_2010_v1,true,available,608,true,
pa_general_2012__dec_2020,pa_general_2012,2012-11-06,historical_training,general_election_day,2012-11-06,pa_lrc_2021_release_1b_geography,pa_senate_2001_final,dec_2020,2020 Census PL 94-171,2020-04-01,2020-04-01,2021-08-12,exact_day,2021-08-12,2021-08-12,P0010001,census_block,standard_total_population,statewide_proven,statewide_result_proven,lrc_published_split_v1,false,not_available,-3201,false,
pa_general_2014__acs5_2009,pa_general_2014,2014-11-04,historical_training,general_election_day,2014-11-04,pa_lrc_2021_release_1b_geography,pa_senate_2012_revised_final,acs5_2009,ACS 5-year detailed tables,2005-01-01,2009-12-31,2010-12-14,exact_day,2010-12-14,2010-12-14,B01003_001E/B01003_001M,acs5_2009_block_group,total_population,inventoried,inventory_only_requires_poc016_support_selection,,true,available,1421,true,
pa_general_2014__acs5_2010,pa_general_2014,2014-11-04,historical_training,general_election_day,2014-11-04,pa_lrc_2021_release_1b_geography,pa_senate_2012_revised_final,acs5_2010,ACS 5-year detailed tables,2006-01-01,2010-12-31,2011-12-08,exact_day,2011-12-08,2011-12-08,B01003_001E/B01003_001M,acs5_2010_block_group,total_population,inventoried,inventory_only_requires_poc016_support_selection,,true,available,1062,true,
pa_general_2014__acs5_2011,pa_general_2014,2014-11-04,historical_training,general_election_day,2014-11-04,pa_lrc_2021_release_1b_geography,pa_senate_2012_revised_final,acs5_2011,ACS 5-year detailed tables,2007-01-01,2011-12-31,2012-12-06,exact_day,2012-12-06,2012-12-06,B01003_001E/B01003_001M,acs5_2011_block_group,total_population,inventoried,inventory_only_requires_poc016_support_selection,,true,available,698,true,
pa_general_2014__acs5_2012,pa_general_2014,2014-11-04,historical_training,general_election_day,2014-11-04,pa_lrc_2021_release_1b_geography,pa_senate_2012_revised_final,acs5_2012,ACS 5-year detailed tables,2008-01-01,2012-12-31,2013-12-17,exact_day,2013-12-17,2013-12-17,B01003_001E/B01003_001M,acs5_2012_block_group,total_population,inventoried,inventory_only_requires_poc016_support_selection,,true,available,322,true,
pa_general_2014__acs5_2013,pa_general_2014,2014-11-04,historical_training,general_election_day,2014-11-04,pa_lrc_2021_release_1b_geography,pa_senate_2012_revised_final,acs5_2013,ACS 5-year detailed tables,2009-01-01,2013-12-31,2014-12-04,exact_day,2014-12-04,2014-12-04,B01003_001E/B01003_001M,acs5_2013_block_group,total_population,inventoried,inventory_only_requires_poc016_support_selection,,true,not_available,-30,false,
pa_general_2014__acs5_2014,pa_general_2014,2014-11-04,historical_training,general_election_day,2014-11-04,pa_lrc_2021_release_1b_geography,pa_senate_2012_revised_final,acs5_2014,ACS 5-year detailed tables,2010-01-01,2014-12-31,2015-12-03,exact_day,2015-12-03,2015-12-03,B01003_001E/B01003_001M,acs5_2014_block_group,total_population,inventoried,inventory_only_requires_poc016_support_selection,,false,not_available,-394,false,
pa_general_2014__acs5_2015,pa_general_2014,2014-11-04,historical_training,general_election_day,2014-11-04,pa_lrc_2021_release_1b_geography,pa_senate_2012_revised_final,acs5_2015,ACS 5-year detailed tables,2011-01-01,2015-12-31,2016-12-08,exact_day,2016-12-08,2016-12-08,B01003_001E/B01003_001M,acs5_2015_block_group,total_population,inventoried,representative_statewide_method_proven,census2010_population_atomic_acs5_2015_v1,false,not_available,-765,false,
pa_general_2014__acs5_2016,pa_general_2014,2014-11-04,historical_training,general_election_day,2014-11-04,pa_lrc_2021_release_1b_geography,pa_senate_2012_revised_final,acs5_2016,ACS 5-year detailed tables,2012-01-01,2016-12-31,2017-12-07,exact_day,2017-12-07,2017-12-07,B01003_001E/B01003_001M,acs5_2016_block_group,total_population,inventoried,inventory_only_requires_poc016_support_selection,,false,not_available,-1129,false,
pa_general_2014__acs5_2017,pa_general_2014,2014-11-04,historical_training,general_election_day,2014-11-04,pa_lrc_2021_release_1b_geography,pa_senate_2012_revised_final,acs5_2017,ACS 5-year detailed tables,2013-01-01,2017-12-31,2018-12-06,exact_day,2018-12-06,2018-12-06,B01003_001E/B01003_001M,acs5_2017_block_group,total_population,inventoried,inventory_only_requires_poc016_support_selection,,false,not_available,-1493,false,
pa_general_2014__acs5_2018,pa_general_2014,2014-11-04,historical_training,general_election_day,2014-11-04,pa_lrc_2021_release_1b_geography,pa_senate_2012_revised_final,acs5_2018,ACS 5-year detailed tables,2014-01-01,2018-12-31,2019-12-19,exact_day,2019-12-19,2019-12-19,B01003_001E/B01003_001M,acs5_2018_block_group,total_population,inventoried,inventory_only_requires_poc016_support_selection,,false,not_available,-1871,false,
pa_general_2014__acs5_2019,pa_general_2014,2014-11-04,historical_training,general_election_day,2014-11-04,pa_lrc_2021_release_1b_geography,pa_senate_2012_revised_final,acs5_2019,ACS 5-year detailed tables,2015-01-01,2019-12-31,2020-12-10,exact_day,2020-12-10,2020-12-10,B01003_001E/B01003_001M,acs5_2019_block_group,total_population,inventoried,inventory_only_requires_poc016_support_selection,,false,not_available,-2228,false,
pa_general_2014__acs5_2020,pa_general_2014,2014-11-04,historical_training,general_election_day,2014-11-04,pa_lrc_2021_release_1b_geography,pa_senate_2012_revised_final,acs5_2020,ACS 5-year detailed tables,2016-01-01,2020-12-31,2022-03-17,exact_day,2022-03-17,2022-03-17,B01003_001E/B01003_001M,acs5_2020_block_group,total_population,inventoried,inventory_only_requires_poc016_support_selection,,false,not_available,-2690,false,
pa_general_2014__acs5_2021,pa_general_2014,2014-11-04,historical_training,general_election_day,2014-11-04,pa_lrc_2021_release_1b_geography,pa_senate_2012_revised_final,acs5_2021,ACS 5-year detailed tables,2017-01-01,2021-12-31,2022-12-08,exact_day,2022-12-08,2022-12-08,B01003_001E/B01003_001M,acs5_2021_block_group,total_population,inventoried,inventory_only_requires_poc016_support_selection,,false,not_available,-2956,false,
pa_general_2014__acs5_2022,pa_general_2014,2014-11-04,historical_training,general_election_day,2014-11-04,pa_lrc_2021_release_1b_geography,pa_senate_2012_revised_final,acs5_2022,ACS 5-year detailed tables,2018-01-01,2022-12-31,2023-12-07,exact_day,2023-12-07,2023-12-07,B01003_001E/B01003_001M,acs5_2022_block_group,total_population,inventoried,inventory_only_requires_poc016_support_selection,,false,not_available,-3320,false,
pa_general_2014__acs5_2023,pa_general_2014,2014-11-04,historical_training,general_election_day,2014-11-04,pa_lrc_2021_release_1b_geography,pa_senate_2012_revised_final,acs5_2023,ACS 5-year detailed tables,2019-01-01,2023-12-31,2024-12-12,exact_day,2024-12-12,2024-12-12,B01003_001E/B01003_001M,acs5_2023_block_group,total_population,inventoried,inventory_only_requires_poc016_support_selection,,false,not_available,-3691,false,
pa_general_2014__acs5_2024,pa_general_2014,2014-11-04,historical_training,general_election_day,2014-11-04,pa_lrc_2021_release_1b_geography,pa_senate_2012_revised_final,acs5_2024,ACS 5-year detailed tables,2020-01-01,2024-12-31,2026-01-29,exact_day,2026-01-29,2026-01-29,B01003_001E/B01003_001M,acs5_2024_block_group,total_population,inventoried,inventory_only_requires_poc016_support_selection,,false,not_available,-4104,false,
pa_general_2014__dec_1990,pa_general_2014,2014-11-04,historical_training,general_election_day,2014-11-04,pa_lrc_2021_release_1b_geography,pa_senate_2012_revised_final,dec_1990,1990 Census STF 1B POP100,1990-04-01,1990-04-01,1991,year_only,1991-01-01,1991-12-31,total_population,census_block,standard_total_population,statewide_proven,statewide_result_proven,relationship_tiger_face_area_1990_v1,true,available,,true,exact Pennsylvania release day unresolved; year bounds still classify this cutoff
pa_general_2014__dec_2000,pa_general_2014,2014-11-04,historical_training,general_election_day,2014-11-04,pa_lrc_2021_release_1b_geography,pa_senate_2012_revised_final,dec_2000,Census 2000 PL 94-171,2000-04-01,2000-04-01,2001-03-09,exact_day,2001-03-09,2001-03-09,P0010001/PL001001,census_block,standard_total_population,statewide_proven,statewide_result_proven,relationship_atomic_area_2000_v1,true,available,4988,true,
pa_general_2014__dec_2010,pa_general_2014,2014-11-04,historical_training,general_election_day,2014-11-04,pa_lrc_2021_release_1b_geography,pa_senate_2012_revised_final,dec_2010,2010 Census PL 94-171,2010-04-01,2010-04-01,2011-03-09,exact_day,2011-03-09,2011-03-09,P0010001,census_block,standard_total_population,statewide_proven,statewide_result_proven,relationship_atomic_area_2010_v1,true,available,1336,true,
pa_general_2014__dec_2020,pa_general_2014,2014-11-04,historical_training,general_election_day,2014-11-04,pa_lrc_2021_release_1b_geography,pa_senate_2012_revised_final,dec_2020,2020 Census PL 94-171,2020-04-01,2020-04-01,2021-08-12,exact_day,2021-08-12,2021-08-12,P0010001,census_block,standard_total_population,statewide_proven,statewide_result_proven,lrc_published_split_v1,false,not_available,-2473,false,
pa_general_2016__acs5_2009,pa_general_2016,2016-11-08,historical_training,general_election_day,2016-11-08,pa_lrc_2021_release_1b_geography,pa_senate_2012_revised_final,acs5_2009,ACS 5-year detailed tables,2005-01-01,2009-12-31,2010-12-14,exact_day,2010-12-14,2010-12-14,B01003_001E/B01003_001M,acs5_2009_block_group,total_population,inventoried,inventory_only_requires_poc016_support_selection,,true,available,2156,true,
pa_general_2016__acs5_2010,pa_general_2016,2016-11-08,historical_training,general_election_day,2016-11-08,pa_lrc_2021_release_1b_geography,pa_senate_2012_revised_final,acs5_2010,ACS 5-year detailed tables,2006-01-01,2010-12-31,2011-12-08,exact_day,2011-12-08,2011-12-08,B01003_001E/B01003_001M,acs5_2010_block_group,total_population,inventoried,inventory_only_requires_poc016_support_selection,,true,available,1797,true,
pa_general_2016__acs5_2011,pa_general_2016,2016-11-08,historical_training,general_election_day,2016-11-08,pa_lrc_2021_release_1b_geography,pa_senate_2012_revised_final,acs5_2011,ACS 5-year detailed tables,2007-01-01,2011-12-31,2012-12-06,exact_day,2012-12-06,2012-12-06,B01003_001E/B01003_001M,acs5_2011_block_group,total_population,inventoried,inventory_only_requires_poc016_support_selection,,true,available,1433,true,
pa_general_2016__acs5_2012,pa_general_2016,2016-11-08,historical_training,general_election_day,2016-11-08,pa_lrc_2021_release_1b_geography,pa_senate_2012_revised_final,acs5_2012,ACS 5-year detailed tables,2008-01-01,2012-12-31,2013-12-17,exact_day,2013-12-17,2013-12-17,B01003_001E/B01003_001M,acs5_2012_block_group,total_population,inventoried,inventory_only_requires_poc016_support_selection,,true,available,1057,true,
pa_general_2016__acs5_2013,pa_general_2016,2016-11-08,historical_training,general_election_day,2016-11-08,pa_lrc_2021_release_1b_geography,pa_senate_2012_revised_final,acs5_2013,ACS 5-year detailed tables,2009-01-01,2013-12-31,2014-12-04,exact_day,2014-12-04,2014-12-04,B01003_001E/B01003_001M,acs5_2013_block_group,total_population,inventoried,inventory_only_requires_poc016_support_selection,,true,available,705,true,
pa_general_2016__acs5_2014,pa_general_2016,2016-11-08,historical_training,general_election_day,2016-11-08,pa_lrc_2021_release_1b_geography,pa_senate_2012_revised_final,acs5_2014,ACS 5-year detailed tables,2010-01-01,2014-12-31,2015-12-03,exact_day,2015-12-03,2015-12-03,B01003_001E/B01003_001M,acs5_2014_block_group,total_population,inventoried,inventory_only_requires_poc016_support_selection,,true,available,341,true,
pa_general_2016__acs5_2015,pa_general_2016,2016-11-08,historical_training,general_election_day,2016-11-08,pa_lrc_2021_release_1b_geography,pa_senate_2012_revised_final,acs5_2015,ACS 5-year detailed tables,2011-01-01,2015-12-31,2016-12-08,exact_day,2016-12-08,2016-12-08,B01003_001E/B01003_001M,acs5_2015_block_group,total_population,inventoried,representative_statewide_method_proven,census2010_population_atomic_acs5_2015_v1,true,not_available,-30,false,
pa_general_2016__acs5_2016,pa_general_2016,2016-11-08,historical_training,general_election_day,2016-11-08,pa_lrc_2021_release_1b_geography,pa_senate_2012_revised_final,acs5_2016,ACS 5-year detailed tables,2012-01-01,2016-12-31,2017-12-07,exact_day,2017-12-07,2017-12-07,B01003_001E/B01003_001M,acs5_2016_block_group,total_population,inventoried,inventory_only_requires_poc016_support_selection,,false,not_available,-394,false,
pa_general_2016__acs5_2017,pa_general_2016,2016-11-08,historical_training,general_election_day,2016-11-08,pa_lrc_2021_release_1b_geography,pa_senate_2012_revised_final,acs5_2017,ACS 5-year detailed tables,2013-01-01,2017-12-31,2018-12-06,exact_day,2018-12-06,2018-12-06,B01003_001E/B01003_001M,acs5_2017_block_group,total_population,inventoried,inventory_only_requires_poc016_support_selection,,false,not_available,-758,false,
pa_general_2016__acs5_2018,pa_general_2016,2016-11-08,historical_training,general_election_day,2016-11-08,pa_lrc_2021_release_1b_geography,pa_senate_2012_revised_final,acs5_2018,ACS 5-year detailed tables,2014-01-01,2018-12-31,2019-12-19,exact_day,2019-12-19,2019-12-19,B01003_001E/B01003_001M,acs5_2018_block_group,total_population,inventoried,inventory_only_requires_poc016_support_selection,,false,not_available,-1136,false,
pa_general_2016__acs5_2019,pa_general_2016,2016-11-08,historical_training,general_election_day,2016-11-08,pa_lrc_2021_release_1b_geography,pa_senate_2012_revised_final,acs5_2019,ACS 5-year detailed tables,2015-01-01,2019-12-31,2020-12-10,exact_day,2020-12-10,2020-12-10,B01003_001E/B01003_001M,acs5_2019_block_group,total_population,inventoried,inventory_only_requires_poc016_support_selection,,false,not_available,-1493,false,
pa_general_2016__acs5_2020,pa_general_2016,2016-11-08,historical_training,general_election_day,2016-11-08,pa_lrc_2021_release_1b_geography,pa_senate_2012_revised_final,acs5_2020,ACS 5-year detailed tables,2016-01-01,2020-12-31,2022-03-17,exact_day,2022-03-17,2022-03-17,B01003_001E/B01003_001M,acs5_2020_block_group,total_population,inventoried,inventory_only_requires_poc016_support_selection,,false,not_available,-1955,false,
pa_general_2016__acs5_2021,pa_general_2016,2016-11-08,historical_training,general_election_day,2016-11-08,pa_lrc_2021_release_1b_geography,pa_senate_2012_revised_final,acs5_2021,ACS 5-year detailed tables,2017-01-01,2021-12-31,2022-12-08,exact_day,2022-12-08,2022-12-08,B01003_001E/B01003_001M,acs5_2021_block_group,total_population,inventoried,inventory_only_requires_poc016_support_selection,,false,not_available,-2221,false,
pa_general_2016__acs5_2022,pa_general_2016,2016-11-08,historical_training,general_election_day,2016-11-08,pa_lrc_2021_release_1b_geography,pa_senate_2012_revised_final,acs5_2022,ACS 5-year detailed tables,2018-01-01,2022-12-31,2023-12-07,exact_day,2023-12-07,2023-12-07,B01003_001E/B01003_001M,acs5_2022_block_group,total_population,inventoried,inventory_only_requires_poc016_support_selection,,false,not_available,-2585,false,
pa_general_2016__acs5_2023,pa_general_2016,2016-11-08,historical_training,general_election_day,2016-11-08,pa_lrc_2021_release_1b_geography,pa_senate_2012_revised_final,acs5_2023,ACS 5-year detailed tables,2019-01-01,2023-12-31,2024-12-12,exact_day,2024-12-12,2024-12-12,B01003_001E/B01003_001M,acs5_2023_block_group,total_population,inventoried,inventory_only_requires_poc016_support_selection,,false,not_available,-2956,false,
pa_general_2016__acs5_2024,pa_general_2016,2016-11-08,historical_training,general_election_day,2016-11-08,pa_lrc_2021_release_1b_geography,pa_senate_2012_revised_final,acs5_2024,ACS 5-year detailed tables,2020-01-01,2024-12-31,2026-01-29,exact_day,2026-01-29,2026-01-29,B01003_001E/B01003_001M,acs5_2024_block_group,total_population,inventoried,inventory_only_requires_poc016_support_selection,,false,not_available,-3369,false,
pa_general_2016__dec_1990,pa_general_2016,2016-11-08,historical_training,general_election_day,2016-11-08,pa_lrc_2021_release_1b_geography,pa_senate_2012_revised_final,dec_1990,1990 Census STF 1B POP100,1990-04-01,1990-04-01,1991,year_only,1991-01-01,1991-12-31,total_population,census_block,standard_total_population,statewide_proven,statewide_result_proven,relationship_tiger_face_area_1990_v1,true,available,,true,exact Pennsylvania release day unresolved; year bounds still classify this cutoff
pa_general_2016__dec_2000,pa_general_2016,2016-11-08,historical_training,general_election_day,2016-11-08,pa_lrc_2021_release_1b_geography,pa_senate_2012_revised_final,dec_2000,Census 2000 PL 94-171,2000-04-01,2000-04-01,2001-03-09,exact_day,2001-03-09,2001-03-09,P0010001/PL001001,census_block,standard_total_population,statewide_proven,statewide_result_proven,relationship_atomic_area_2000_v1,true,available,5723,true,
pa_general_2016__dec_2010,pa_general_2016,2016-11-08,historical_training,general_election_day,2016-11-08,pa_lrc_2021_release_1b_geography,pa_senate_2012_revised_final,dec_2010,2010 Census PL 94-171,2010-04-01,2010-04-01,2011-03-09,exact_day,2011-03-09,2011-03-09,P0010001,census_block,standard_total_population,statewide_proven,statewide_result_proven,relationship_atomic_area_2010_v1,true,available,2071,true,
pa_general_2016__dec_2020,pa_general_2016,2016-11-08,historical_training,general_election_day,2016-11-08,pa_lrc_2021_release_1b_geography,pa_senate_2012_revised_final,dec_2020,2020 Census PL 94-171,2020-04-01,2020-04-01,2021-08-12,exact_day,2021-08-12,2021-08-12,P0010001,census_block,standard_total_population,statewide_proven,statewide_result_proven,lrc_published_split_v1,false,not_available,-1738,false,
pa_general_2018__acs5_2009,pa_general_2018,2018-11-06,historical_training,general_election_day,2018-11-06,pa_lrc_2021_release_1b_geography,pa_senate_2012_revised_final,acs5_2009,ACS 5-year detailed tables,2005-01-01,2009-12-31,2010-12-14,exact_day,2010-12-14,2010-12-14,B01003_001E/B01003_001M,acs5_2009_block_group,total_population,inventoried,inventory_only_requires_poc016_support_selection,,true,available,2884,true,
pa_general_2018__acs5_2010,pa_general_2018,2018-11-06,historical_training,general_election_day,2018-11-06,pa_lrc_2021_release_1b_geography,pa_senate_2012_revised_final,acs5_2010,ACS 5-year detailed tables,2006-01-01,2010-12-31,2011-12-08,exact_day,2011-12-08,2011-12-08,B01003_001E/B01003_001M,acs5_2010_block_group,total_population,inventoried,inventory_only_requires_poc016_support_selection,,true,available,2525,true,
pa_general_2018__acs5_2011,pa_general_2018,2018-11-06,historical_training,general_election_day,2018-11-06,pa_lrc_2021_release_1b_geography,pa_senate_2012_revised_final,acs5_2011,ACS 5-year detailed tables,2007-01-01,2011-12-31,2012-12-06,exact_day,2012-12-06,2012-12-06,B01003_001E/B01003_001M,acs5_2011_block_group,total_population,inventoried,inventory_only_requires_poc016_support_selection,,true,available,2161,true,
pa_general_2018__acs5_2012,pa_general_2018,2018-11-06,historical_training,general_election_day,2018-11-06,pa_lrc_2021_release_1b_geography,pa_senate_2012_revised_final,acs5_2012,ACS 5-year detailed tables,2008-01-01,2012-12-31,2013-12-17,exact_day,2013-12-17,2013-12-17,B01003_001E/B01003_001M,acs5_2012_block_group,total_population,inventoried,inventory_only_requires_poc016_support_selection,,true,available,1785,true,
pa_general_2018__acs5_2013,pa_general_2018,2018-11-06,historical_training,general_election_day,2018-11-06,pa_lrc_2021_release_1b_geography,pa_senate_2012_revised_final,acs5_2013,ACS 5-year detailed tables,2009-01-01,2013-12-31,2014-12-04,exact_day,2014-12-04,2014-12-04,B01003_001E/B01003_001M,acs5_2013_block_group,total_population,inventoried,inventory_only_requires_poc016_support_selection,,true,available,1433,true,
pa_general_2018__acs5_2014,pa_general_2018,2018-11-06,historical_training,general_election_day,2018-11-06,pa_lrc_2021_release_1b_geography,pa_senate_2012_revised_final,acs5_2014,ACS 5-year detailed tables,2010-01-01,2014-12-31,2015-12-03,exact_day,2015-12-03,2015-12-03,B01003_001E/B01003_001M,acs5_2014_block_group,total_population,inventoried,inventory_only_requires_poc016_support_selection,,true,available,1069,true,
pa_general_2018__acs5_2015,pa_general_2018,2018-11-06,historical_training,general_election_day,2018-11-06,pa_lrc_2021_release_1b_geography,pa_senate_2012_revised_final,acs5_2015,ACS 5-year detailed tables,2011-01-01,2015-12-31,2016-12-08,exact_day,2016-12-08,2016-12-08,B01003_001E/B01003_001M,acs5_2015_block_group,total_population,inventoried,representative_statewide_method_proven,census2010_population_atomic_acs5_2015_v1,true,available,698,true,
pa_general_2018__acs5_2016,pa_general_2018,2018-11-06,historical_training,general_election_day,2018-11-06,pa_lrc_2021_release_1b_geography,pa_senate_2012_revised_final,acs5_2016,ACS 5-year detailed tables,2012-01-01,2016-12-31,2017-12-07,exact_day,2017-12-07,2017-12-07,B01003_001E/B01003_001M,acs5_2016_block_group,total_population,inventoried,inventory_only_requires_poc016_support_selection,,true,available,334,true,
pa_general_2018__acs5_2017,pa_general_2018,2018-11-06,historical_training,general_election_day,2018-11-06,pa_lrc_2021_release_1b_geography,pa_senate_2012_revised_final,acs5_2017,ACS 5-year detailed tables,2013-01-01,2017-12-31,2018-12-06,exact_day,2018-12-06,2018-12-06,B01003_001E/B01003_001M,acs5_2017_block_group,total_population,inventoried,inventory_only_requires_poc016_support_selection,,true,not_available,-30,false,
pa_general_2018__acs5_2018,pa_general_2018,2018-11-06,historical_training,general_election_day,2018-11-06,pa_lrc_2021_release_1b_geography,pa_senate_2012_revised_final,acs5_2018,ACS 5-year detailed tables,2014-01-01,2018-12-31,2019-12-19,exact_day,2019-12-19,2019-12-19,B01003_001E/B01003_001M,acs5_2018_block_group,total_population,inventoried,inventory_only_requires_poc016_support_selection,,false,not_available,-408,false,
pa_general_2018__acs5_2019,pa_general_2018,2018-11-06,historical_training,general_election_day,2018-11-06,pa_lrc_2021_release_1b_geography,pa_senate_2012_revised_final,acs5_2019,ACS 5-year detailed tables,2015-01-01,2019-12-31,2020-12-10,exact_day,2020-12-10,2020-12-10,B01003_001E/B01003_001M,acs5_2019_block_group,total_population,inventoried,inventory_only_requires_poc016_support_selection,,false,not_available,-765,false,
pa_general_2018__acs5_2020,pa_general_2018,2018-11-06,historical_training,general_election_day,2018-11-06,pa_lrc_2021_release_1b_geography,pa_senate_2012_revised_final,acs5_2020,ACS 5-year detailed tables,2016-01-01,2020-12-31,2022-03-17,exact_day,2022-03-17,2022-03-17,B01003_001E/B01003_001M,acs5_2020_block_group,total_population,inventoried,inventory_only_requires_poc016_support_selection,,false,not_available,-1227,false,
pa_general_2018__acs5_2021,pa_general_2018,2018-11-06,historical_training,general_election_day,2018-11-06,pa_lrc_2021_release_1b_geography,pa_senate_2012_revised_final,acs5_2021,ACS 5-year detailed tables,2017-01-01,2021-12-31,2022-12-08,exact_day,2022-12-08,2022-12-08,B01003_001E/B01003_001M,acs5_2021_block_group,total_population,inventoried,inventory_only_requires_poc016_support_selection,,false,not_available,-1493,false,
pa_general_2018__acs5_2022,pa_general_2018,2018-11-06,historical_training,general_election_day,2018-11-06,pa_lrc_2021_release_1b_geography,pa_senate_2012_revised_final,acs5_2022,ACS 5-year detailed tables,2018-01-01,2022-12-31,2023-12-07,exact_day,2023-12-07,2023-12-07,B01003_001E/B01003_001M,acs5_2022_block_group,total_population,inventoried,inventory_only_requires_poc016_support_selection,,false,not_available,-1857,false,
pa_general_2018__acs5_2023,pa_general_2018,2018-11-06,historical_training,general_election_day,2018-11-06,pa_lrc_2021_release_1b_geography,pa_senate_2012_revised_final,acs5_2023,ACS 5-year detailed tables,2019-01-01,2023-12-31,2024-12-12,exact_day,2024-12-12,2024-12-12,B01003_001E/B01003_001M,acs5_2023_block_group,total_population,inventoried,inventory_only_requires_poc016_support_selection,,false,not_available,-2228,false,
pa_general_2018__acs5_2024,pa_general_2018,2018-11-06,historical_training,general_election_day,2018-11-06,pa_lrc_2021_release_1b_geography,pa_senate_2012_revised_final,acs5_2024,ACS 5-year detailed tables,2020-01-01,2024-12-31,2026-01-29,exact_day,2026-01-29,2026-01-29,B01003_001E/B01003_001M,acs5_2024_block_group,total_population,inventoried,inventory_only_requires_poc016_support_selection,,false,not_available,-2641,false,
pa_general_2018__dec_1990,pa_general_2018,2018-11-06,historical_training,general_election_day,2018-11-06,pa_lrc_2021_release_1b_geography,pa_senate_2012_revised_final,dec_1990,1990 Census STF 1B POP100,1990-04-01,1990-04-01,1991,year_only,1991-01-01,1991-12-31,total_population,census_block,standard_total_population,statewide_proven,statewide_result_proven,relationship_tiger_face_area_1990_v1,true,available,,true,exact Pennsylvania release day unresolved; year bounds still classify this cutoff
pa_general_2018__dec_2000,pa_general_2018,2018-11-06,historical_training,general_election_day,2018-11-06,pa_lrc_2021_release_1b_geography,pa_senate_2012_revised_final,dec_2000,Census 2000 PL 94-171,2000-04-01,2000-04-01,2001-03-09,exact_day,2001-03-09,2001-03-09,P0010001/PL001001,census_block,standard_total_population,statewide_proven,statewide_result_proven,relationship_atomic_area_2000_v1,true,available,6451,true,
pa_general_2018__dec_2010,pa_general_2018,2018-11-06,historical_training,general_election_day,2018-11-06,pa_lrc_2021_release_1b_geography,pa_senate_2012_revised_final,dec_2010,2010 Census PL 94-171,2010-04-01,2010-04-01,2011-03-09,exact_day,2011-03-09,2011-03-09,P0010001,census_block,standard_total_population,statewide_proven,statewide_result_proven,relationship_atomic_area_2010_v1,true,available,2799,true,
pa_general_2018__dec_2020,pa_general_2018,2018-11-06,historical_training,general_election_day,2018-11-06,pa_lrc_2021_release_1b_geography,pa_senate_2012_revised_final,dec_2020,2020 Census PL 94-171,2020-04-01,2020-04-01,2021-08-12,exact_day,2021-08-12,2021-08-12,P0010001,census_block,standard_total_population,statewide_proven,statewide_result_proven,lrc_published_split_v1,false,not_available,-1010,false,
pa_general_2020__acs5_2009,pa_general_2020,2020-11-03,historical_training,general_election_day,2020-11-03,pa_lrc_2021_release_1b_geography,pa_senate_2012_revised_final,acs5_2009,ACS 5-year detailed tables,2005-01-01,2009-12-31,2010-12-14,exact_day,2010-12-14,2010-12-14,B01003_001E/B01003_001M,acs5_2009_block_group,total_population,inventoried,inventory_only_requires_poc016_support_selection,,true,available,3612,true,
pa_general_2020__acs5_2010,pa_general_2020,2020-11-03,historical_training,general_election_day,2020-11-03,pa_lrc_2021_release_1b_geography,pa_senate_2012_revised_final,acs5_2010,ACS 5-year detailed tables,2006-01-01,2010-12-31,2011-12-08,exact_day,2011-12-08,2011-12-08,B01003_001E/B01003_001M,acs5_2010_block_group,total_population,inventoried,inventory_only_requires_poc016_support_selection,,true,available,3253,true,
pa_general_2020__acs5_2011,pa_general_2020,2020-11-03,historical_training,general_election_day,2020-11-03,pa_lrc_2021_release_1b_geography,pa_senate_2012_revised_final,acs5_2011,ACS 5-year detailed tables,2007-01-01,2011-12-31,2012-12-06,exact_day,2012-12-06,2012-12-06,B01003_001E/B01003_001M,acs5_2011_block_group,total_population,inventoried,inventory_only_requires_poc016_support_selection,,true,available,2889,true,
pa_general_2020__acs5_2012,pa_general_2020,2020-11-03,historical_training,general_election_day,2020-11-03,pa_lrc_2021_release_1b_geography,pa_senate_2012_revised_final,acs5_2012,ACS 5-year detailed tables,2008-01-01,2012-12-31,2013-12-17,exact_day,2013-12-17,2013-12-17,B01003_001E/B01003_001M,acs5_2012_block_group,total_population,inventoried,inventory_only_requires_poc016_support_selection,,true,available,2513,true,
pa_general_2020__acs5_2013,pa_general_2020,2020-11-03,historical_training,general_election_day,2020-11-03,pa_lrc_2021_release_1b_geography,pa_senate_2012_revised_final,acs5_2013,ACS 5-year detailed tables,2009-01-01,2013-12-31,2014-12-04,exact_day,2014-12-04,2014-12-04,B01003_001E/B01003_001M,acs5_2013_block_group,total_population,inventoried,inventory_only_requires_poc016_support_selection,,true,available,2161,true,
pa_general_2020__acs5_2014,pa_general_2020,2020-11-03,historical_training,general_election_day,2020-11-03,pa_lrc_2021_release_1b_geography,pa_senate_2012_revised_final,acs5_2014,ACS 5-year detailed tables,2010-01-01,2014-12-31,2015-12-03,exact_day,2015-12-03,2015-12-03,B01003_001E/B01003_001M,acs5_2014_block_group,total_population,inventoried,inventory_only_requires_poc016_support_selection,,true,available,1797,true,
pa_general_2020__acs5_2015,pa_general_2020,2020-11-03,historical_training,general_election_day,2020-11-03,pa_lrc_2021_release_1b_geography,pa_senate_2012_revised_final,acs5_2015,ACS 5-year detailed tables,2011-01-01,2015-12-31,2016-12-08,exact_day,2016-12-08,2016-12-08,B01003_001E/B01003_001M,acs5_2015_block_group,total_population,inventoried,representative_statewide_method_proven,census2010_population_atomic_acs5_2015_v1,true,available,1426,true,
pa_general_2020__acs5_2016,pa_general_2020,2020-11-03,historical_training,general_election_day,2020-11-03,pa_lrc_2021_release_1b_geography,pa_senate_2012_revised_final,acs5_2016,ACS 5-year detailed tables,2012-01-01,2016-12-31,2017-12-07,exact_day,2017-12-07,2017-12-07,B01003_001E/B01003_001M,acs5_2016_block_group,total_population,inventoried,inventory_only_requires_poc016_support_selection,,true,available,1062,true,
pa_general_2020__acs5_2017,pa_general_2020,2020-11-03,historical_training,general_election_day,2020-11-03,pa_lrc_2021_release_1b_geography,pa_senate_2012_revised_final,acs5_2017,ACS 5-year detailed tables,2013-01-01,2017-12-31,2018-12-06,exact_day,2018-12-06,2018-12-06,B01003_001E/B01003_001M,acs5_2017_block_group,total_population,inventoried,inventory_only_requires_poc016_support_selection,,true,available,698,true,
pa_general_2020__acs5_2018,pa_general_2020,2020-11-03,historical_training,general_election_day,2020-11-03,pa_lrc_2021_release_1b_geography,pa_senate_2012_revised_final,acs5_2018,ACS 5-year detailed tables,2014-01-01,2018-12-31,2019-12-19,exact_day,2019-12-19,2019-12-19,B01003_001E/B01003_001M,acs5_2018_block_group,total_population,inventoried,inventory_only_requires_poc016_support_selection,,true,available,320,true,
pa_general_2020__acs5_2019,pa_general_2020,2020-11-03,historical_training,general_election_day,2020-11-03,pa_lrc_2021_release_1b_geography,pa_senate_2012_revised_final,acs5_2019,ACS 5-year detailed tables,2015-01-01,2019-12-31,2020-12-10,exact_day,2020-12-10,2020-12-10,B01003_001E/B01003_001M,acs5_2019_block_group,total_population,inventoried,inventory_only_requires_poc016_support_selection,,true,not_available,-37,false,
pa_general_2020__acs5_2020,pa_general_2020,2020-11-03,historical_training,general_election_day,2020-11-03,pa_lrc_2021_release_1b_geography,pa_senate_2012_revised_final,acs5_2020,ACS 5-year detailed tables,2016-01-01,2020-12-31,2022-03-17,exact_day,2022-03-17,2022-03-17,B01003_001E/B01003_001M,acs5_2020_block_group,total_population,inventoried,inventory_only_requires_poc016_support_selection,,false,not_available,-499,false,
pa_general_2020__acs5_2021,pa_general_2020,2020-11-03,historical_training,general_election_day,2020-11-03,pa_lrc_2021_release_1b_geography,pa_senate_2012_revised_final,acs5_2021,ACS 5-year detailed tables,2017-01-01,2021-12-31,2022-12-08,exact_day,2022-12-08,2022-12-08,B01003_001E/B01003_001M,acs5_2021_block_group,total_population,inventoried,inventory_only_requires_poc016_support_selection,,false,not_available,-765,false,
pa_general_2020__acs5_2022,pa_general_2020,2020-11-03,historical_training,general_election_day,2020-11-03,pa_lrc_2021_release_1b_geography,pa_senate_2012_revised_final,acs5_2022,ACS 5-year detailed tables,2018-01-01,2022-12-31,2023-12-07,exact_day,2023-12-07,2023-12-07,B01003_001E/B01003_001M,acs5_2022_block_group,total_population,inventoried,inventory_only_requires_poc016_support_selection,,false,not_available,-1129,false,
pa_general_2020__acs5_2023,pa_general_2020,2020-11-03,historical_training,general_election_day,2020-11-03,pa_lrc_2021_release_1b_geography,pa_senate_2012_revised_final,acs5_2023,ACS 5-year detailed tables,2019-01-01,2023-12-31,2024-12-12,exact_day,2024-12-12,2024-12-12,B01003_001E/B01003_001M,acs5_2023_block_group,total_population,inventoried,inventory_only_requires_poc016_support_selection,,false,not_available,-1500,false,
pa_general_2020__acs5_2024,pa_general_2020,2020-11-03,historical_training,general_election_day,2020-11-03,pa_lrc_2021_release_1b_geography,pa_senate_2012_revised_final,acs5_2024,ACS 5-year detailed tables,2020-01-01,2024-12-31,2026-01-29,exact_day,2026-01-29,2026-01-29,B01003_001E/B01003_001M,acs5_2024_block_group,total_population,inventoried,inventory_only_requires_poc016_support_selection,,false,not_available,-1913,false,
pa_general_2020__dec_1990,pa_general_2020,2020-11-03,historical_training,general_election_day,2020-11-03,pa_lrc_2021_release_1b_geography,pa_senate_2012_revised_final,dec_1990,1990 Census STF 1B POP100,1990-04-01,1990-04-01,1991,year_only,1991-01-01,1991-12-31,total_population,census_block,standard_total_population,statewide_proven,statewide_result_proven,relationship_tiger_face_area_1990_v1,true,available,,true,exact Pennsylvania release day unresolved; year bounds still classify this cutoff
pa_general_2020__dec_2000,pa_general_2020,2020-11-03,historical_training,general_election_day,2020-11-03,pa_lrc_2021_release_1b_geography,pa_senate_2012_revised_final,dec_2000,Census 2000 PL 94-171,2000-04-01,2000-04-01,2001-03-09,exact_day,2001-03-09,2001-03-09,P0010001/PL001001,census_block,standard_total_population,statewide_proven,statewide_result_proven,relationship_atomic_area_2000_v1,true,available,7179,true,
pa_general_2020__dec_2010,pa_general_2020,2020-11-03,historical_training,general_election_day,2020-11-03,pa_lrc_2021_release_1b_geography,pa_senate_2012_revised_final,dec_2010,2010 Census PL 94-171,2010-04-01,2010-04-01,2011-03-09,exact_day,2011-03-09,2011-03-09,P0010001,census_block,standard_total_population,statewide_proven,statewide_result_proven,relationship_atomic_area_2010_v1,true,available,3527,true,
pa_general_2020__dec_2020,pa_general_2020,2020-11-03,historical_training,general_election_day,2020-11-03,pa_lrc_2021_release_1b_geography,pa_senate_2012_revised_final,dec_2020,2020 Census PL 94-171,2020-04-01,2020-04-01,2021-08-12,exact_day,2021-08-12,2021-08-12,P0010001,census_block,standard_total_population,statewide_proven,statewide_result_proven,lrc_published_split_v1,true,not_available,-282,false,
pa_general_2022__acs5_2009,pa_general_2022,2022-11-08,historical_training,general_election_day,2022-11-08,pa_lrc_2021_release_1b_geography,pa_senate_2021_final,acs5_2009,ACS 5-year detailed tables,2005-01-01,2009-12-31,2010-12-14,exact_day,2010-12-14,2010-12-14,B01003_001E/B01003_001M,acs5_2009_block_group,total_population,inventoried,inventory_only_requires_poc016_support_selection,,true,available,4347,true,
pa_general_2022__acs5_2010,pa_general_2022,2022-11-08,historical_training,general_election_day,2022-11-08,pa_lrc_2021_release_1b_geography,pa_senate_2021_final,acs5_2010,ACS 5-year detailed tables,2006-01-01,2010-12-31,2011-12-08,exact_day,2011-12-08,2011-12-08,B01003_001E/B01003_001M,acs5_2010_block_group,total_population,inventoried,inventory_only_requires_poc016_support_selection,,true,available,3988,true,
pa_general_2022__acs5_2011,pa_general_2022,2022-11-08,historical_training,general_election_day,2022-11-08,pa_lrc_2021_release_1b_geography,pa_senate_2021_final,acs5_2011,ACS 5-year detailed tables,2007-01-01,2011-12-31,2012-12-06,exact_day,2012-12-06,2012-12-06,B01003_001E/B01003_001M,acs5_2011_block_group,total_population,inventoried,inventory_only_requires_poc016_support_selection,,true,available,3624,true,
pa_general_2022__acs5_2012,pa_general_2022,2022-11-08,historical_training,general_election_day,2022-11-08,pa_lrc_2021_release_1b_geography,pa_senate_2021_final,acs5_2012,ACS 5-year detailed tables,2008-01-01,2012-12-31,2013-12-17,exact_day,2013-12-17,2013-12-17,B01003_001E/B01003_001M,acs5_2012_block_group,total_population,inventoried,inventory_only_requires_poc016_support_selection,,true,available,3248,true,
pa_general_2022__acs5_2013,pa_general_2022,2022-11-08,historical_training,general_election_day,2022-11-08,pa_lrc_2021_release_1b_geography,pa_senate_2021_final,acs5_2013,ACS 5-year detailed tables,2009-01-01,2013-12-31,2014-12-04,exact_day,2014-12-04,2014-12-04,B01003_001E/B01003_001M,acs5_2013_block_group,total_population,inventoried,inventory_only_requires_poc016_support_selection,,true,available,2896,true,
pa_general_2022__acs5_2014,pa_general_2022,2022-11-08,historical_training,general_election_day,2022-11-08,pa_lrc_2021_release_1b_geography,pa_senate_2021_final,acs5_2014,ACS 5-year detailed tables,2010-01-01,2014-12-31,2015-12-03,exact_day,2015-12-03,2015-12-03,B01003_001E/B01003_001M,acs5_2014_block_group,total_population,inventoried,inventory_only_requires_poc016_support_selection,,true,available,2532,true,
pa_general_2022__acs5_2015,pa_general_2022,2022-11-08,historical_training,general_election_day,2022-11-08,pa_lrc_2021_release_1b_geography,pa_senate_2021_final,acs5_2015,ACS 5-year detailed tables,2011-01-01,2015-12-31,2016-12-08,exact_day,2016-12-08,2016-12-08,B01003_001E/B01003_001M,acs5_2015_block_group,total_population,inventoried,representative_statewide_method_proven,census2010_population_atomic_acs5_2015_v1,true,available,2161,true,
pa_general_2022__acs5_2016,pa_general_2022,2022-11-08,historical_training,general_election_day,2022-11-08,pa_lrc_2021_release_1b_geography,pa_senate_2021_final,acs5_2016,ACS 5-year detailed tables,2012-01-01,2016-12-31,2017-12-07,exact_day,2017-12-07,2017-12-07,B01003_001E/B01003_001M,acs5_2016_block_group,total_population,inventoried,inventory_only_requires_poc016_support_selection,,true,available,1797,true,
pa_general_2022__acs5_2017,pa_general_2022,2022-11-08,historical_training,general_election_day,2022-11-08,pa_lrc_2021_release_1b_geography,pa_senate_2021_final,acs5_2017,ACS 5-year detailed tables,2013-01-01,2017-12-31,2018-12-06,exact_day,2018-12-06,2018-12-06,B01003_001E/B01003_001M,acs5_2017_block_group,total_population,inventoried,inventory_only_requires_poc016_support_selection,,true,available,1433,true,
pa_general_2022__acs5_2018,pa_general_2022,2022-11-08,historical_training,general_election_day,2022-11-08,pa_lrc_2021_release_1b_geography,pa_senate_2021_final,acs5_2018,ACS 5-year detailed tables,2014-01-01,2018-12-31,2019-12-19,exact_day,2019-12-19,2019-12-19,B01003_001E/B01003_001M,acs5_2018_block_group,total_population,inventoried,inventory_only_requires_poc016_support_selection,,true,available,1055,true,
pa_general_2022__acs5_2019,pa_general_2022,2022-11-08,historical_training,general_election_day,2022-11-08,pa_lrc_2021_release_1b_geography,pa_senate_2021_final,acs5_2019,ACS 5-year detailed tables,2015-01-01,2019-12-31,2020-12-10,exact_day,2020-12-10,2020-12-10,B01003_001E/B01003_001M,acs5_2019_block_group,total_population,inventoried,inventory_only_requires_poc016_support_selection,,true,available,698,true,
pa_general_2022__acs5_2020,pa_general_2022,2022-11-08,historical_training,general_election_day,2022-11-08,pa_lrc_2021_release_1b_geography,pa_senate_2021_final,acs5_2020,ACS 5-year detailed tables,2016-01-01,2020-12-31,2022-03-17,exact_day,2022-03-17,2022-03-17,B01003_001E/B01003_001M,acs5_2020_block_group,total_population,inventoried,inventory_only_requires_poc016_support_selection,,true,available,236,true,
pa_general_2022__acs5_2021,pa_general_2022,2022-11-08,historical_training,general_election_day,2022-11-08,pa_lrc_2021_release_1b_geography,pa_senate_2021_final,acs5_2021,ACS 5-year detailed tables,2017-01-01,2021-12-31,2022-12-08,exact_day,2022-12-08,2022-12-08,B01003_001E/B01003_001M,acs5_2021_block_group,total_population,inventoried,inventory_only_requires_poc016_support_selection,,true,not_available,-30,false,
pa_general_2022__acs5_2022,pa_general_2022,2022-11-08,historical_training,general_election_day,2022-11-08,pa_lrc_2021_release_1b_geography,pa_senate_2021_final,acs5_2022,ACS 5-year detailed tables,2018-01-01,2022-12-31,2023-12-07,exact_day,2023-12-07,2023-12-07,B01003_001E/B01003_001M,acs5_2022_block_group,total_population,inventoried,inventory_only_requires_poc016_support_selection,,false,not_available,-394,false,
pa_general_2022__acs5_2023,pa_general_2022,2022-11-08,historical_training,general_election_day,2022-11-08,pa_lrc_2021_release_1b_geography,pa_senate_2021_final,acs5_2023,ACS 5-year detailed tables,2019-01-01,2023-12-31,2024-12-12,exact_day,2024-12-12,2024-12-12,B01003_001E/B01003_001M,acs5_2023_block_group,total_population,inventoried,inventory_only_requires_poc016_support_selection,,false,not_available,-765,false,
pa_general_2022__acs5_2024,pa_general_2022,2022-11-08,historical_training,general_election_day,2022-11-08,pa_lrc_2021_release_1b_geography,pa_senate_2021_final,acs5_2024,ACS 5-year detailed tables,2020-01-01,2024-12-31,2026-01-29,exact_day,2026-01-29,2026-01-29,B01003_001E/B01003_001M,acs5_2024_block_group,total_population,inventoried,inventory_only_requires_poc016_support_selection,,false,not_available,-1178,false,
pa_general_2022__dec_1990,pa_general_2022,2022-11-08,historical_training,general_election_day,2022-11-08,pa_lrc_2021_release_1b_geography,pa_senate_2021_final,dec_1990,1990 Census STF 1B POP100,1990-04-01,1990-04-01,1991,year_only,1991-01-01,1991-12-31,total_population,census_block,standard_total_population,statewide_proven,statewide_result_proven,relationship_tiger_face_area_1990_v1,true,available,,true,exact Pennsylvania release day unresolved; year bounds still classify this cutoff
pa_general_2022__dec_2000,pa_general_2022,2022-11-08,historical_training,general_election_day,2022-11-08,pa_lrc_2021_release_1b_geography,pa_senate_2021_final,dec_2000,Census 2000 PL 94-171,2000-04-01,2000-04-01,2001-03-09,exact_day,2001-03-09,2001-03-09,P0010001/PL001001,census_block,standard_total_population,statewide_proven,statewide_result_proven,relationship_atomic_area_2000_v1,true,available,7914,true,
pa_general_2022__dec_2010,pa_general_2022,2022-11-08,historical_training,general_election_day,2022-11-08,pa_lrc_2021_release_1b_geography,pa_senate_2021_final,dec_2010,2010 Census PL 94-171,2010-04-01,2010-04-01,2011-03-09,exact_day,2011-03-09,2011-03-09,P0010001,census_block,standard_total_population,statewide_proven,statewide_result_proven,relationship_atomic_area_2010_v1,true,available,4262,true,
pa_general_2022__dec_2020,pa_general_2022,2022-11-08,historical_training,general_election_day,2022-11-08,pa_lrc_2021_release_1b_geography,pa_senate_2021_final,dec_2020,2020 Census PL 94-171,2020-04-01,2020-04-01,2021-08-12,exact_day,2021-08-12,2021-08-12,P0010001,census_block,standard_total_population,statewide_proven,statewide_result_proven,lrc_published_split_v1,true,available,453,true,
pa_general_2024__acs5_2009,pa_general_2024,2024-11-05,historical_training,general_election_day,2024-11-05,pa_lrc_2021_release_1b_geography,pa_senate_2021_final,acs5_2009,ACS 5-year detailed tables,2005-01-01,2009-12-31,2010-12-14,exact_day,2010-12-14,2010-12-14,B01003_001E/B01003_001M,acs5_2009_block_group,total_population,inventoried,inventory_only_requires_poc016_support_selection,,true,available,5075,true,
pa_general_2024__acs5_2010,pa_general_2024,2024-11-05,historical_training,general_election_day,2024-11-05,pa_lrc_2021_release_1b_geography,pa_senate_2021_final,acs5_2010,ACS 5-year detailed tables,2006-01-01,2010-12-31,2011-12-08,exact_day,2011-12-08,2011-12-08,B01003_001E/B01003_001M,acs5_2010_block_group,total_population,inventoried,inventory_only_requires_poc016_support_selection,,true,available,4716,true,
pa_general_2024__acs5_2011,pa_general_2024,2024-11-05,historical_training,general_election_day,2024-11-05,pa_lrc_2021_release_1b_geography,pa_senate_2021_final,acs5_2011,ACS 5-year detailed tables,2007-01-01,2011-12-31,2012-12-06,exact_day,2012-12-06,2012-12-06,B01003_001E/B01003_001M,acs5_2011_block_group,total_population,inventoried,inventory_only_requires_poc016_support_selection,,true,available,4352,true,
pa_general_2024__acs5_2012,pa_general_2024,2024-11-05,historical_training,general_election_day,2024-11-05,pa_lrc_2021_release_1b_geography,pa_senate_2021_final,acs5_2012,ACS 5-year detailed tables,2008-01-01,2012-12-31,2013-12-17,exact_day,2013-12-17,2013-12-17,B01003_001E/B01003_001M,acs5_2012_block_group,total_population,inventoried,inventory_only_requires_poc016_support_selection,,true,available,3976,true,
pa_general_2024__acs5_2013,pa_general_2024,2024-11-05,historical_training,general_election_day,2024-11-05,pa_lrc_2021_release_1b_geography,pa_senate_2021_final,acs5_2013,ACS 5-year detailed tables,2009-01-01,2013-12-31,2014-12-04,exact_day,2014-12-04,2014-12-04,B01003_001E/B01003_001M,acs5_2013_block_group,total_population,inventoried,inventory_only_requires_poc016_support_selection,,true,available,3624,true,
pa_general_2024__acs5_2014,pa_general_2024,2024-11-05,historical_training,general_election_day,2024-11-05,pa_lrc_2021_release_1b_geography,pa_senate_2021_final,acs5_2014,ACS 5-year detailed tables,2010-01-01,2014-12-31,2015-12-03,exact_day,2015-12-03,2015-12-03,B01003_001E/B01003_001M,acs5_2014_block_group,total_population,inventoried,inventory_only_requires_poc016_support_selection,,true,available,3260,true,
pa_general_2024__acs5_2015,pa_general_2024,2024-11-05,historical_training,general_election_day,2024-11-05,pa_lrc_2021_release_1b_geography,pa_senate_2021_final,acs5_2015,ACS 5-year detailed tables,2011-01-01,2015-12-31,2016-12-08,exact_day,2016-12-08,2016-12-08,B01003_001E/B01003_001M,acs5_2015_block_group,total_population,inventoried,representative_statewide_method_proven,census2010_population_atomic_acs5_2015_v1,true,available,2889,true,
pa_general_2024__acs5_2016,pa_general_2024,2024-11-05,historical_training,general_election_day,2024-11-05,pa_lrc_2021_release_1b_geography,pa_senate_2021_final,acs5_2016,ACS 5-year detailed tables,2012-01-01,2016-12-31,2017-12-07,exact_day,2017-12-07,2017-12-07,B01003_001E/B01003_001M,acs5_2016_block_group,total_population,inventoried,inventory_only_requires_poc016_support_selection,,true,available,2525,true,
pa_general_2024__acs5_2017,pa_general_2024,2024-11-05,historical_training,general_election_day,2024-11-05,pa_lrc_2021_release_1b_geography,pa_senate_2021_final,acs5_2017,ACS 5-year detailed tables,2013-01-01,2017-12-31,2018-12-06,exact_day,2018-12-06,2018-12-06,B01003_001E/B01003_001M,acs5_2017_block_group,total_population,inventoried,inventory_only_requires_poc016_support_selection,,true,available,2161,true,
pa_general_2024__acs5_2018,pa_general_2024,2024-11-05,historical_training,general_election_day,2024-11-05,pa_lrc_2021_release_1b_geography,pa_senate_2021_final,acs5_2018,ACS 5-year detailed tables,2014-01-01,2018-12-31,2019-12-19,exact_day,2019-12-19,2019-12-19,B01003_001E/B01003_001M,acs5_2018_block_group,total_population,inventoried,inventory_only_requires_poc016_support_selection,,true,available,1783,true,
pa_general_2024__acs5_2019,pa_general_2024,2024-11-05,historical_training,general_election_day,2024-11-05,pa_lrc_2021_release_1b_geography,pa_senate_2021_final,acs5_2019,ACS 5-year detailed tables,2015-01-01,2019-12-31,2020-12-10,exact_day,2020-12-10,2020-12-10,B01003_001E/B01003_001M,acs5_2019_block_group,total_population,inventoried,inventory_only_requires_poc016_support_selection,,true,available,1426,true,
pa_general_2024__acs5_2020,pa_general_2024,2024-11-05,historical_training,general_election_day,2024-11-05,pa_lrc_2021_release_1b_geography,pa_senate_2021_final,acs5_2020,ACS 5-year detailed tables,2016-01-01,2020-12-31,2022-03-17,exact_day,2022-03-17,2022-03-17,B01003_001E/B01003_001M,acs5_2020_block_group,total_population,inventoried,inventory_only_requires_poc016_support_selection,,true,available,964,true,
pa_general_2024__acs5_2021,pa_general_2024,2024-11-05,historical_training,general_election_day,2024-11-05,pa_lrc_2021_release_1b_geography,pa_senate_2021_final,acs5_2021,ACS 5-year detailed tables,2017-01-01,2021-12-31,2022-12-08,exact_day,2022-12-08,2022-12-08,B01003_001E/B01003_001M,acs5_2021_block_group,total_population,inventoried,inventory_only_requires_poc016_support_selection,,true,available,698,true,
pa_general_2024__acs5_2022,pa_general_2024,2024-11-05,historical_training,general_election_day,2024-11-05,pa_lrc_2021_release_1b_geography,pa_senate_2021_final,acs5_2022,ACS 5-year detailed tables,2018-01-01,2022-12-31,2023-12-07,exact_day,2023-12-07,2023-12-07,B01003_001E/B01003_001M,acs5_2022_block_group,total_population,inventoried,inventory_only_requires_poc016_support_selection,,true,available,334,true,
pa_general_2024__acs5_2023,pa_general_2024,2024-11-05,historical_training,general_election_day,2024-11-05,pa_lrc_2021_release_1b_geography,pa_senate_2021_final,acs5_2023,ACS 5-year detailed tables,2019-01-01,2023-12-31,2024-12-12,exact_day,2024-12-12,2024-12-12,B01003_001E/B01003_001M,acs5_2023_block_group,total_population,inventoried,inventory_only_requires_poc016_support_selection,,true,not_available,-37,false,
pa_general_2024__acs5_2024,pa_general_2024,2024-11-05,historical_training,general_election_day,2024-11-05,pa_lrc_2021_release_1b_geography,pa_senate_2021_final,acs5_2024,ACS 5-year detailed tables,2020-01-01,2024-12-31,2026-01-29,exact_day,2026-01-29,2026-01-29,B01003_001E/B01003_001M,acs5_2024_block_group,total_population,inventoried,inventory_only_requires_poc016_support_selection,,false,not_available,-450,false,
pa_general_2024__dec_1990,pa_general_2024,2024-11-05,historical_training,general_election_day,2024-11-05,pa_lrc_2021_release_1b_geography,pa_senate_2021_final,dec_1990,1990 Census STF 1B POP100,1990-04-01,1990-04-01,1991,year_only,1991-01-01,1991-12-31,total_population,census_block,standard_total_population,statewide_proven,statewide_result_proven,relationship_tiger_face_area_1990_v1,true,available,,true,exact Pennsylvania release day unresolved; year bounds still classify this cutoff
pa_general_2024__dec_2000,pa_general_2024,2024-11-05,historical_training,general_election_day,2024-11-05,pa_lrc_2021_release_1b_geography,pa_senate_2021_final,dec_2000,Census 2000 PL 94-171,2000-04-01,2000-04-01,2001-03-09,exact_day,2001-03-09,2001-03-09,P0010001/PL001001,census_block,standard_total_population,statewide_proven,statewide_result_proven,relationship_atomic_area_2000_v1,true,available,8642,true,
pa_general_2024__dec_2010,pa_general_2024,2024-11-05,historical_training,general_election_day,2024-11-05,pa_lrc_2021_release_1b_geography,pa_senate_2021_final,dec_2010,2010 Census PL 94-171,2010-04-01,2010-04-01,2011-03-09,exact_day,2011-03-09,2011-03-09,P0010001,census_block,standard_total_population,statewide_proven,statewide_result_proven,relationship_atomic_area_2010_v1,true,available,4990,true,
pa_general_2024__dec_2020,pa_general_2024,2024-11-05,historical_training,general_election_day,2024-11-05,pa_lrc_2021_release_1b_geography,pa_senate_2021_final,dec_2020,2020 Census PL 94-171,2020-04-01,2020-04-01,2021-08-12,exact_day,2021-08-12,2021-08-12,P0010001,census_block,standard_total_population,statewide_proven,statewide_result_proven,lrc_published_split_v1,true,available,1181,true,
pa_general_2026__acs5_2009,pa_general_2026,2026-11-03,current_prediction_target,general_election_day,2026-11-03,pa_lrc_2021_release_1b_geography,pa_senate_2021_final,acs5_2009,ACS 5-year detailed tables,2005-01-01,2009-12-31,2010-12-14,exact_day,2010-12-14,2010-12-14,B01003_001E/B01003_001M,acs5_2009_block_group,total_population,inventoried,inventory_only_requires_poc016_support_selection,,true,available,5803,true,
pa_general_2026__acs5_2010,pa_general_2026,2026-11-03,current_prediction_target,general_election_day,2026-11-03,pa_lrc_2021_release_1b_geography,pa_senate_2021_final,acs5_2010,ACS 5-year detailed tables,2006-01-01,2010-12-31,2011-12-08,exact_day,2011-12-08,2011-12-08,B01003_001E/B01003_001M,acs5_2010_block_group,total_population,inventoried,inventory_only_requires_poc016_support_selection,,true,available,5444,true,
pa_general_2026__acs5_2011,pa_general_2026,2026-11-03,current_prediction_target,general_election_day,2026-11-03,pa_lrc_2021_release_1b_geography,pa_senate_2021_final,acs5_2011,ACS 5-year detailed tables,2007-01-01,2011-12-31,2012-12-06,exact_day,2012-12-06,2012-12-06,B01003_001E/B01003_001M,acs5_2011_block_group,total_population,inventoried,inventory_only_requires_poc016_support_selection,,true,available,5080,true,
pa_general_2026__acs5_2012,pa_general_2026,2026-11-03,current_prediction_target,general_election_day,2026-11-03,pa_lrc_2021_release_1b_geography,pa_senate_2021_final,acs5_2012,ACS 5-year detailed tables,2008-01-01,2012-12-31,2013-12-17,exact_day,2013-12-17,2013-12-17,B01003_001E/B01003_001M,acs5_2012_block_group,total_population,inventoried,inventory_only_requires_poc016_support_selection,,true,available,4704,true,
pa_general_2026__acs5_2013,pa_general_2026,2026-11-03,current_prediction_target,general_election_day,2026-11-03,pa_lrc_2021_release_1b_geography,pa_senate_2021_final,acs5_2013,ACS 5-year detailed tables,2009-01-01,2013-12-31,2014-12-04,exact_day,2014-12-04,2014-12-04,B01003_001E/B01003_001M,acs5_2013_block_group,total_population,inventoried,inventory_only_requires_poc016_support_selection,,true,available,4352,true,
pa_general_2026__acs5_2014,pa_general_2026,2026-11-03,current_prediction_target,general_election_day,2026-11-03,pa_lrc_2021_release_1b_geography,pa_senate_2021_final,acs5_2014,ACS 5-year detailed tables,2010-01-01,2014-12-31,2015-12-03,exact_day,2015-12-03,2015-12-03,B01003_001E/B01003_001M,acs5_2014_block_group,total_population,inventoried,inventory_only_requires_poc016_support_selection,,true,available,3988,true,
pa_general_2026__acs5_2015,pa_general_2026,2026-11-03,current_prediction_target,general_election_day,2026-11-03,pa_lrc_2021_release_1b_geography,pa_senate_2021_final,acs5_2015,ACS 5-year detailed tables,2011-01-01,2015-12-31,2016-12-08,exact_day,2016-12-08,2016-12-08,B01003_001E/B01003_001M,acs5_2015_block_group,total_population,inventoried,representative_statewide_method_proven,census2010_population_atomic_acs5_2015_v1,true,available,3617,true,
pa_general_2026__acs5_2016,pa_general_2026,2026-11-03,current_prediction_target,general_election_day,2026-11-03,pa_lrc_2021_release_1b_geography,pa_senate_2021_final,acs5_2016,ACS 5-year detailed tables,2012-01-01,2016-12-31,2017-12-07,exact_day,2017-12-07,2017-12-07,B01003_001E/B01003_001M,acs5_2016_block_group,total_population,inventoried,inventory_only_requires_poc016_support_selection,,true,available,3253,true,
pa_general_2026__acs5_2017,pa_general_2026,2026-11-03,current_prediction_target,general_election_day,2026-11-03,pa_lrc_2021_release_1b_geography,pa_senate_2021_final,acs5_2017,ACS 5-year detailed tables,2013-01-01,2017-12-31,2018-12-06,exact_day,2018-12-06,2018-12-06,B01003_001E/B01003_001M,acs5_2017_block_group,total_population,inventoried,inventory_only_requires_poc016_support_selection,,true,available,2889,true,
pa_general_2026__acs5_2018,pa_general_2026,2026-11-03,current_prediction_target,general_election_day,2026-11-03,pa_lrc_2021_release_1b_geography,pa_senate_2021_final,acs5_2018,ACS 5-year detailed tables,2014-01-01,2018-12-31,2019-12-19,exact_day,2019-12-19,2019-12-19,B01003_001E/B01003_001M,acs5_2018_block_group,total_population,inventoried,inventory_only_requires_poc016_support_selection,,true,available,2511,true,
pa_general_2026__acs5_2019,pa_general_2026,2026-11-03,current_prediction_target,general_election_day,2026-11-03,pa_lrc_2021_release_1b_geography,pa_senate_2021_final,acs5_2019,ACS 5-year detailed tables,2015-01-01,2019-12-31,2020-12-10,exact_day,2020-12-10,2020-12-10,B01003_001E/B01003_001M,acs5_2019_block_group,total_population,inventoried,inventory_only_requires_poc016_support_selection,,true,available,2154,true,
pa_general_2026__acs5_2020,pa_general_2026,2026-11-03,current_prediction_target,general_election_day,2026-11-03,pa_lrc_2021_release_1b_geography,pa_senate_2021_final,acs5_2020,ACS 5-year detailed tables,2016-01-01,2020-12-31,2022-03-17,exact_day,2022-03-17,2022-03-17,B01003_001E/B01003_001M,acs5_2020_block_group,total_population,inventoried,inventory_only_requires_poc016_support_selection,,true,available,1692,true,
pa_general_2026__acs5_2021,pa_general_2026,2026-11-03,current_prediction_target,general_election_day,2026-11-03,pa_lrc_2021_release_1b_geography,pa_senate_2021_final,acs5_2021,ACS 5-year detailed tables,2017-01-01,2021-12-31,2022-12-08,exact_day,2022-12-08,2022-12-08,B01003_001E/B01003_001M,acs5_2021_block_group,total_population,inventoried,inventory_only_requires_poc016_support_selection,,true,available,1426,true,
pa_general_2026__acs5_2022,pa_general_2026,2026-11-03,current_prediction_target,general_election_day,2026-11-03,pa_lrc_2021_release_1b_geography,pa_senate_2021_final,acs5_2022,ACS 5-year detailed tables,2018-01-01,2022-12-31,2023-12-07,exact_day,2023-12-07,2023-12-07,B01003_001E/B01003_001M,acs5_2022_block_group,total_population,inventoried,inventory_only_requires_poc016_support_selection,,true,available,1062,true,
pa_general_2026__acs5_2023,pa_general_2026,2026-11-03,current_prediction_target,general_election_day,2026-11-03,pa_lrc_2021_release_1b_geography,pa_senate_2021_final,acs5_2023,ACS 5-year detailed tables,2019-01-01,2023-12-31,2024-12-12,exact_day,2024-12-12,2024-12-12,B01003_001E/B01003_001M,acs5_2023_block_group,total_population,inventoried,inventory_only_requires_poc016_support_selection,,true,available,691,true,
pa_general_2026__acs5_2024,pa_general_2026,2026-11-03,current_prediction_target,general_election_day,2026-11-03,pa_lrc_2021_release_1b_geography,pa_senate_2021_final,acs5_2024,ACS 5-year detailed tables,2020-01-01,2024-12-31,2026-01-29,exact_day,2026-01-29,2026-01-29,B01003_001E/B01003_001M,acs5_2024_block_group,total_population,inventoried,inventory_only_requires_poc016_support_selection,,true,available,278,true,
pa_general_2026__dec_1990,pa_general_2026,2026-11-03,current_prediction_target,general_election_day,2026-11-03,pa_lrc_2021_release_1b_geography,pa_senate_2021_final,dec_1990,1990 Census STF 1B POP100,1990-04-01,1990-04-01,1991,year_only,1991-01-01,1991-12-31,total_population,census_block,standard_total_population,statewide_proven,statewide_result_proven,relationship_tiger_face_area_1990_v1,true,available,,true,exact Pennsylvania release day unresolved; year bounds still classify this cutoff
pa_general_2026__dec_2000,pa_general_2026,2026-11-03,current_prediction_target,general_election_day,2026-11-03,pa_lrc_2021_release_1b_geography,pa_senate_2021_final,dec_2000,Census 2000 PL 94-171,2000-04-01,2000-04-01,2001-03-09,exact_day,2001-03-09,2001-03-09,P0010001/PL001001,census_block,standard_total_population,statewide_proven,statewide_result_proven,relationship_atomic_area_2000_v1,true,available,9370,true,
pa_general_2026__dec_2010,pa_general_2026,2026-11-03,current_prediction_target,general_election_day,2026-11-03,pa_lrc_2021_release_1b_geography,pa_senate_2021_final,dec_2010,2010 Census PL 94-171,2010-04-01,2010-04-01,2011-03-09,exact_day,2011-03-09,2011-03-09,P0010001,census_block,standard_total_population,statewide_proven,statewide_result_proven,relationship_atomic_area_2010_v1,true,available,5718,true,
pa_general_2026__dec_2020,pa_general_2026,2026-11-03,current_prediction_target,general_election_day,2026-11-03,pa_lrc_2021_release_1b_geography,pa_senate_2021_final,dec_2020,2020 Census PL 94-171,2020-04-01,2020-04-01,2021-08-12,exact_day,2021-08-12,2021-08-12,P0010001,census_block,standard_total_population,statewide_proven,statewide_result_proven,lrc_published_split_v1,true,available,1909,true,
